id,firstname,lastname,email,email 2,profession,ads,dsae,ddsa,dsa
100,Peri,Yorick,Peri.Yorick@yopmail.com,Peri.Yorick@gmail.com,doctor,1,1,1,1
101,Basia,Alexandr,Basia.Alexandr@yopmail.com,Basia.Alexandr@gmail.com,worker,2,2,2,2
102,Cecile,Evangelia,Cecile.Evangelia@yopmail.com,Cecile.Evangelia@gmail.com,doctor,3,3,3,3
103,Elmira,Tristram,Elmira.Tristram@yopmail.com,Elmira.Tristram@gmail.com,developer,4,4,4,4
104,Blinni,Baudin,Blinni.Baudin@yopmail.com,Blinni.Baudin@gmail.com,worker,5,5,5,5
105,Drucie,Bendick,Drucie.Bendick@yopmail.com,Drucie.Bendick@gmail.com,firefighter,6,6,6,6
106,Tatiania,Edmund,Tatiania.Edmund@yopmail.com,Tatiania.Edmund@gmail.com,worker,7,7,7,7
107,Tilly,Goddard,Tilly.Goddard@yopmail.com,Tilly.Goddard@gmail.com,developer,8,8,8,8
108,Blake,McCutcheon,Blake.McCutcheon@yopmail.com,Blake.McCutcheon@gmail.com,developer,9,9,9,9
109,Nerta,Kathie,Nerta.Kathie@yopmail.com,Nerta.Kathie@gmail.com,firefighter,10,10,10,10
110,Larine,Lissi,Larine.Lissi@yopmail.com,Larine.Lissi@gmail.com,police officer,11,11,11,11
111,Vere,Presber,Vere.Presber@yopmail.com,Vere.Presber@gmail.com,worker,12,12,12,12
112,Leona,Lea,Leona.Lea@yopmail.com,Leona.Lea@gmail.com,worker,13,13,13,13
113,Talya,Toor,Talya.Toor@yopmail.com,Talya.Toor@gmail.com,developer,14,14,14,14
114,Demetris,Lail,Demetris.Lail@yopmail.com,Demetris.Lail@gmail.com,doctor,15,15,15,15
115,Verla,Zola,Verla.Zola@yopmail.com,Verla.Zola@gmail.com,doctor,16,16,16,16
116,Bernie,Wildermuth,Bernie.Wildermuth@yopmail.com,Bernie.Wildermuth@gmail.com,firefighter,17,17,17,17
117,Briney,Riva,Briney.Riva@yopmail.com,Briney.Riva@gmail.com,police officer,18,18,18,18
118,Consuela,Ruvolo,Consuela.Ruvolo@yopmail.com,Consuela.Ruvolo@gmail.com,doctor,19,19,19,19
119,Daphne,Emanuel,Daphne.Emanuel@yopmail.com,Daphne.Emanuel@gmail.com,developer,20,20,20,20
120,Antonietta,Calhoun,Antonietta.Calhoun@yopmail.com,Antonietta.Calhoun@gmail.com,doctor,21,21,21,21
121,Dolli,Janene,Dolli.Janene@yopmail.com,Dolli.Janene@gmail.com,doctor,22,22,22,22
122,Devina,Sigfrid,Devina.Sigfrid@yopmail.com,Devina.Sigfrid@gmail.com,firefighter,23,23,23,23
123,Merle,Lilas,Merle.Lilas@yopmail.com,Merle.Lilas@gmail.com,worker,24,24,24,24
124,Lacie,Gaynor,Lacie.Gaynor@yopmail.com,Lacie.Gaynor@gmail.com,police officer,25,25,25,25
125,Monika,Truc,Monika.Truc@yopmail.com,Monika.Truc@gmail.com,developer,26,26,26,26
126,Tatiania,Rurik,Tatiania.Rurik@yopmail.com,Tatiania.Rurik@gmail.com,doctor,27,27,27,27
127,Marnia,Bandeen,Marnia.Bandeen@yopmail.com,Marnia.Bandeen@gmail.com,police officer,28,28,28,28
128,Abbie,Vary,Abbie.Vary@yopmail.com,Abbie.Vary@gmail.com,doctor,29,29,29,29
129,Grier,Bobbee,Grier.Bobbee@yopmail.com,Grier.Bobbee@gmail.com,developer,30,30,30,30
130,Alyda,Wiener,Alyda.Wiener@yopmail.com,Alyda.Wiener@gmail.com,developer,31,31,31,31
131,Pamella,Ariella,Pamella.Ariella@yopmail.com,Pamella.Ariella@gmail.com,firefighter,32,32,32,32
132,Chere,Berard,Chere.Berard@yopmail.com,Chere.Berard@gmail.com,firefighter,33,33,33,33
133,Vevay,Rona,Vevay.Rona@yopmail.com,Vevay.Rona@gmail.com,firefighter,34,34,34,34
134,Fred,Sprage,Fred.Sprage@yopmail.com,Fred.Sprage@gmail.com,police officer,35,35,35,35
135,Rani,Deny,Rani.Deny@yopmail.com,Rani.Deny@gmail.com,developer,36,36,36,36
136,Ana,Erich,Ana.Erich@yopmail.com,Ana.Erich@gmail.com,worker,37,37,37,37
137,Adore,Larochelle,Adore.Larochelle@yopmail.com,Adore.Larochelle@gmail.com,doctor,38,38,38,38
138,Larine,Janith,Larine.Janith@yopmail.com,Larine.Janith@gmail.com,firefighter,39,39,39,39
139,Johna,Orelee,Johna.Orelee@yopmail.com,Johna.Orelee@gmail.com,doctor,40,40,40,40
140,Corene,Marden,Corene.Marden@yopmail.com,Corene.Marden@gmail.com,worker,41,41,41,41
141,Blinni,Laverne,Blinni.Laverne@yopmail.com,Blinni.Laverne@gmail.com,developer,42,42,42,42
142,Amelia,Stav,Amelia.Stav@yopmail.com,Amelia.Stav@gmail.com,police officer,43,43,43,43
143,Anica,Swigart,Anica.Swigart@yopmail.com,Anica.Swigart@gmail.com,worker,44,44,44,44
144,Beverley,Read,Beverley.Read@yopmail.com,Beverley.Read@gmail.com,worker,45,45,45,45
145,Arlina,Noman,Arlina.Noman@yopmail.com,Arlina.Noman@gmail.com,worker,46,46,46,46
146,Gianina,Hailee,Gianina.Hailee@yopmail.com,Gianina.Hailee@gmail.com,doctor,47,47,47,47
147,Bill,Rebecka,Bill.Rebecka@yopmail.com,Bill.Rebecka@gmail.com,firefighter,48,48,48,48
148,Julieta,Schonfeld,Julieta.Schonfeld@yopmail.com,Julieta.Schonfeld@gmail.com,firefighter,49,49,49,49
149,Dacia,Lail,Dacia.Lail@yopmail.com,Dacia.Lail@gmail.com,firefighter,50,50,50,50
150,Constance,Persse,Constance.Persse@yopmail.com,Constance.Persse@gmail.com,worker,51,51,51,51
151,Myrtice,Alabaster,Myrtice.Alabaster@yopmail.com,Myrtice.Alabaster@gmail.com,police officer,52,52,52,52
152,Aili,Gilmour,Aili.Gilmour@yopmail.com,Aili.Gilmour@gmail.com,firefighter,53,53,53,53
153,Nonnah,Ellerey,Nonnah.Ellerey@yopmail.com,Nonnah.Ellerey@gmail.com,worker,54,54,54,54
154,Mignon,Naor,Mignon.Naor@yopmail.com,Mignon.Naor@gmail.com,firefighter,55,55,55,55
155,Elie,Lauraine,Elie.Lauraine@yopmail.com,Elie.Lauraine@gmail.com,worker,56,56,56,56
156,Romona,Albertine,Romona.Albertine@yopmail.com,Romona.Albertine@gmail.com,doctor,57,57,57,57
157,Lynde,O'Carroll,Lynde.O'Carroll@yopmail.com,Lynde.O'Carroll@gmail.com,firefighter,58,58,58,58
158,Renie,Juan,Renie.Juan@yopmail.com,Renie.Juan@gmail.com,police officer,59,59,59,59
159,Constance,Fillbert,Constance.Fillbert@yopmail.com,Constance.Fillbert@gmail.com,police officer,60,60,60,60
160,Vivia,Linehan,Vivia.Linehan@yopmail.com,Vivia.Linehan@gmail.com,doctor,61,61,61,61
161,Ernesta,Holbrook,Ernesta.Holbrook@yopmail.com,Ernesta.Holbrook@gmail.com,worker,62,62,62,62
162,Jackie,Bennie,Jackie.Bennie@yopmail.com,Jackie.Bennie@gmail.com,doctor,63,63,63,63
163,Leeanne,Kussell,Leeanne.Kussell@yopmail.com,Leeanne.Kussell@gmail.com,firefighter,64,64,64,64
164,Josephine,Tyson,Josephine.Tyson@yopmail.com,Josephine.Tyson@gmail.com,firefighter,65,65,65,65
165,Maud,Palocz,Maud.Palocz@yopmail.com,Maud.Palocz@gmail.com,doctor,66,66,66,66
166,Ira,Schonfeld,Ira.Schonfeld@yopmail.com,Ira.Schonfeld@gmail.com,worker,67,67,67,67
167,Ira,Bow,Ira.Bow@yopmail.com,Ira.Bow@gmail.com,worker,68,68,68,68
168,Dorene,Faust,Dorene.Faust@yopmail.com,Dorene.Faust@gmail.com,firefighter,69,69,69,69
169,Bettine,Iaverne,Bettine.Iaverne@yopmail.com,Bettine.Iaverne@gmail.com,firefighter,70,70,70,70
170,Wanda,Edvard,Wanda.Edvard@yopmail.com,Wanda.Edvard@gmail.com,police officer,71,71,71,71
171,Laurene,Goldina,Laurene.Goldina@yopmail.com,Laurene.Goldina@gmail.com,worker,72,72,72,72
172,Agnese,Ax,Agnese.Ax@yopmail.com,Agnese.Ax@gmail.com,doctor,73,73,73,73
173,Isa,Camden,Isa.Camden@yopmail.com,Isa.Camden@gmail.com,firefighter,74,74,74,74
174,Lynde,Ioab,Lynde.Ioab@yopmail.com,Lynde.Ioab@gmail.com,police officer,75,75,75,75
175,Alyda,Graig,Alyda.Graig@yopmail.com,Alyda.Graig@gmail.com,doctor,76,76,76,76
176,Rhea,Virgin,Rhea.Virgin@yopmail.com,Rhea.Virgin@gmail.com,doctor,77,77,77,77
177,Letizia,Jenness,Letizia.Jenness@yopmail.com,Letizia.Jenness@gmail.com,firefighter,78,78,78,78
178,Evaleen,Wyn,Evaleen.Wyn@yopmail.com,Evaleen.Wyn@gmail.com,police officer,79,79,79,79
179,Deloria,Eliathas,Deloria.Eliathas@yopmail.com,Deloria.Eliathas@gmail.com,doctor,80,80,80,80
180,Kamilah,Tamar,Kamilah.Tamar@yopmail.com,Kamilah.Tamar@gmail.com,firefighter,81,81,81,81
181,Myriam,Smitt,Myriam.Smitt@yopmail.com,Myriam.Smitt@gmail.com,firefighter,82,82,82,82
182,Magdalena,Dannye,Magdalena.Dannye@yopmail.com,Magdalena.Dannye@gmail.com,doctor,83,83,83,83
183,Atlanta,Colp,Atlanta.Colp@yopmail.com,Atlanta.Colp@gmail.com,doctor,84,84,84,84
184,Justinn,Flyn,Justinn.Flyn@yopmail.com,Justinn.Flyn@gmail.com,firefighter,85,85,85,85
185,Harmonia,Anton,Harmonia.Anton@yopmail.com,Harmonia.Anton@gmail.com,police officer,86,86,86,86
186,Trudie,Tice,Trudie.Tice@yopmail.com,Trudie.Tice@gmail.com,developer,87,87,87,87
187,Teddie,Zamora,Teddie.Zamora@yopmail.com,Teddie.Zamora@gmail.com,developer,88,88,88,88
188,Livvyy,Dahlia,Livvyy.Dahlia@yopmail.com,Livvyy.Dahlia@gmail.com,police officer,89,89,89,89
189,Jillayne,Vacuva,Jillayne.Vacuva@yopmail.com,Jillayne.Vacuva@gmail.com,doctor,90,90,90,90
190,Leontine,Albertine,Leontine.Albertine@yopmail.com,Leontine.Albertine@gmail.com,firefighter,91,91,91,91
191,Brana,Cullin,Brana.Cullin@yopmail.com,Brana.Cullin@gmail.com,worker,92,92,92,92
192,Phylis,Heidt,Phylis.Heidt@yopmail.com,Phylis.Heidt@gmail.com,firefighter,93,93,93,93
193,Marinna,Amasa,Marinna.Amasa@yopmail.com,Marinna.Amasa@gmail.com,worker,94,94,94,94
194,Melanie,Serilda,Melanie.Serilda@yopmail.com,Melanie.Serilda@gmail.com,police officer,95,95,95,95
195,Monika,Ursulette,Monika.Ursulette@yopmail.com,Monika.Ursulette@gmail.com,worker,96,96,96,96
196,Reeba,Helfand,Reeba.Helfand@yopmail.com,Reeba.Helfand@gmail.com,developer,97,97,97,97
197,Clarice,Sheng,Clarice.Sheng@yopmail.com,Clarice.Sheng@gmail.com,police officer,98,98,98,98
198,Rosabelle,Alwin,Rosabelle.Alwin@yopmail.com,Rosabelle.Alwin@gmail.com,police officer,99,99,99,99
199,Chandra,Pierette,Chandra.Pierette@yopmail.com,Chandra.Pierette@gmail.com,doctor,100,100,100,100
200,Rivalee,Kare,Rivalee.Kare@yopmail.com,Rivalee.Kare@gmail.com,worker,101,101,101,101
201,Tracey,Ovid,Tracey.Ovid@yopmail.com,Tracey.Ovid@gmail.com,firefighter,102,102,102,102
202,Marika,Creamer,Marika.Creamer@yopmail.com,Marika.Creamer@gmail.com,doctor,103,103,103,103
203,Stacey,Gale,Stacey.Gale@yopmail.com,Stacey.Gale@gmail.com,worker,104,104,104,104
204,Dulcinea,Delila,Dulcinea.Delila@yopmail.com,Dulcinea.Delila@gmail.com,firefighter,105,105,105,105
205,Hyacinthe,Oriana,Hyacinthe.Oriana@yopmail.com,Hyacinthe.Oriana@gmail.com,developer,106,106,106,106
206,Dianemarie,Jacobah,Dianemarie.Jacobah@yopmail.com,Dianemarie.Jacobah@gmail.com,police officer,107,107,107,107
207,Delilah,Mehalek,Delilah.Mehalek@yopmail.com,Delilah.Mehalek@gmail.com,doctor,108,108,108,108
208,Ruthe,Japeth,Ruthe.Japeth@yopmail.com,Ruthe.Japeth@gmail.com,doctor,109,109,109,109
209,Claresta,Rhu,Claresta.Rhu@yopmail.com,Claresta.Rhu@gmail.com,worker,110,110,110,110
210,Winny,Othilia,Winny.Othilia@yopmail.com,Winny.Othilia@gmail.com,doctor,111,111,111,111
211,Krystle,Gamaliel,Krystle.Gamaliel@yopmail.com,Krystle.Gamaliel@gmail.com,police officer,112,112,112,112
212,Jean,Zetta,Jean.Zetta@yopmail.com,Jean.Zetta@gmail.com,worker,113,113,113,113
213,Vere,Joachim,Vere.Joachim@yopmail.com,Vere.Joachim@gmail.com,police officer,114,114,114,114
214,Marita,Mandler,Marita.Mandler@yopmail.com,Marita.Mandler@gmail.com,developer,115,115,115,115
215,Odessa,Therine,Odessa.Therine@yopmail.com,Odessa.Therine@gmail.com,doctor,116,116,116,116
216,Nollie,Erskine,Nollie.Erskine@yopmail.com,Nollie.Erskine@gmail.com,doctor,117,117,117,117
217,Vevay,Jalbert,Vevay.Jalbert@yopmail.com,Vevay.Jalbert@gmail.com,developer,118,118,118,118
218,Myrtice,Nicoline,Myrtice.Nicoline@yopmail.com,Myrtice.Nicoline@gmail.com,firefighter,119,119,119,119
219,Shannah,Hessler,Shannah.Hessler@yopmail.com,Shannah.Hessler@gmail.com,police officer,120,120,120,120
220,Hettie,Oscar,Hettie.Oscar@yopmail.com,Hettie.Oscar@gmail.com,worker,121,121,121,121
221,Lonnie,Solitta,Lonnie.Solitta@yopmail.com,Lonnie.Solitta@gmail.com,firefighter,122,122,122,122
222,Brynna,Bergman,Brynna.Bergman@yopmail.com,Brynna.Bergman@gmail.com,developer,123,123,123,123
223,Margarette,Croix,Margarette.Croix@yopmail.com,Margarette.Croix@gmail.com,developer,124,124,124,124
224,Orelia,Mallon,Orelia.Mallon@yopmail.com,Orelia.Mallon@gmail.com,worker,125,125,125,125
225,Magdalena,Gordon,Magdalena.Gordon@yopmail.com,Magdalena.Gordon@gmail.com,firefighter,126,126,126,126
226,Lauryn,Zetta,Lauryn.Zetta@yopmail.com,Lauryn.Zetta@gmail.com,police officer,127,127,127,127
227,Aryn,Sandye,Aryn.Sandye@yopmail.com,Aryn.Sandye@gmail.com,developer,128,128,128,128
228,Binny,Stover,Binny.Stover@yopmail.com,Binny.Stover@gmail.com,developer,129,129,129,129
229,Vevay,Cottle,Vevay.Cottle@yopmail.com,Vevay.Cottle@gmail.com,worker,130,130,130,130
230,Letizia,Seagraves,Letizia.Seagraves@yopmail.com,Letizia.Seagraves@gmail.com,developer,131,131,131,131
231,Rubie,Stelle,Rubie.Stelle@yopmail.com,Rubie.Stelle@gmail.com,worker,132,132,132,132
232,Daune,Mendez,Daune.Mendez@yopmail.com,Daune.Mendez@gmail.com,worker,133,133,133,133
233,Tarra,Westphal,Tarra.Westphal@yopmail.com,Tarra.Westphal@gmail.com,police officer,134,134,134,134
234,Tierney,Desai,Tierney.Desai@yopmail.com,Tierney.Desai@gmail.com,firefighter,135,135,135,135
235,Gerrie,Judye,Gerrie.Judye@yopmail.com,Gerrie.Judye@gmail.com,doctor,136,136,136,136
236,Ebonee,Magdalen,Ebonee.Magdalen@yopmail.com,Ebonee.Magdalen@gmail.com,firefighter,137,137,137,137
237,Harrietta,Ader,Harrietta.Ader@yopmail.com,Harrietta.Ader@gmail.com,worker,138,138,138,138
238,Gui,Stanwood,Gui.Stanwood@yopmail.com,Gui.Stanwood@gmail.com,police officer,139,139,139,139
239,Marguerite,Truc,Marguerite.Truc@yopmail.com,Marguerite.Truc@gmail.com,worker,140,140,140,140
240,Barbara,Sacken,Barbara.Sacken@yopmail.com,Barbara.Sacken@gmail.com,developer,141,141,141,141
241,Shandie,Egbert,Shandie.Egbert@yopmail.com,Shandie.Egbert@gmail.com,police officer,142,142,142,142
242,Trudie,Carvey,Trudie.Carvey@yopmail.com,Trudie.Carvey@gmail.com,developer,143,143,143,143
243,Chandra,Trey,Chandra.Trey@yopmail.com,Chandra.Trey@gmail.com,developer,144,144,144,144
244,Nita,Lattie,Nita.Lattie@yopmail.com,Nita.Lattie@gmail.com,firefighter,145,145,145,145
245,Arlina,Erlandson,Arlina.Erlandson@yopmail.com,Arlina.Erlandson@gmail.com,doctor,146,146,146,146
246,Charlena,Woodberry,Charlena.Woodberry@yopmail.com,Charlena.Woodberry@gmail.com,developer,147,147,147,147
247,Rosabelle,Dichy,Rosabelle.Dichy@yopmail.com,Rosabelle.Dichy@gmail.com,developer,148,148,148,148
248,Roslyn,Neva,Roslyn.Neva@yopmail.com,Roslyn.Neva@gmail.com,police officer,149,149,149,149
249,Nessie,Ailyn,Nessie.Ailyn@yopmail.com,Nessie.Ailyn@gmail.com,firefighter,150,150,150,150
250,Sheree,Aldric,Sheree.Aldric@yopmail.com,Sheree.Aldric@gmail.com,police officer,151,151,151,151
251,Odessa,Bartlett,Odessa.Bartlett@yopmail.com,Odessa.Bartlett@gmail.com,police officer,152,152,152,152
252,Queenie,Dyche,Queenie.Dyche@yopmail.com,Queenie.Dyche@gmail.com,doctor,153,153,153,153
253,Ofilia,Masao,Ofilia.Masao@yopmail.com,Ofilia.Masao@gmail.com,police officer,154,154,154,154
254,Marcelline,Fontana,Marcelline.Fontana@yopmail.com,Marcelline.Fontana@gmail.com,developer,155,155,155,155
255,Kittie,Berriman,Kittie.Berriman@yopmail.com,Kittie.Berriman@gmail.com,developer,156,156,156,156
256,Amalie,Lymann,Amalie.Lymann@yopmail.com,Amalie.Lymann@gmail.com,police officer,157,157,157,157
257,Mariann,Lucienne,Mariann.Lucienne@yopmail.com,Mariann.Lucienne@gmail.com,worker,158,158,158,158
258,Halette,Sherrie,Halette.Sherrie@yopmail.com,Halette.Sherrie@gmail.com,doctor,159,159,159,159
259,Adriana,Reinke,Adriana.Reinke@yopmail.com,Adriana.Reinke@gmail.com,worker,160,160,160,160
260,Teddie,Toni,Teddie.Toni@yopmail.com,Teddie.Toni@gmail.com,developer,161,161,161,161
261,Livvyy,Himelman,Livvyy.Himelman@yopmail.com,Livvyy.Himelman@gmail.com,developer,162,162,162,162
262,Joy,Israeli,Joy.Israeli@yopmail.com,Joy.Israeli@gmail.com,developer,163,163,163,163
263,Jenda,Gunn,Jenda.Gunn@yopmail.com,Jenda.Gunn@gmail.com,firefighter,164,164,164,164
264,Clary,Amethist,Clary.Amethist@yopmail.com,Clary.Amethist@gmail.com,doctor,165,165,165,165
265,Selma,Atonsah,Selma.Atonsah@yopmail.com,Selma.Atonsah@gmail.com,firefighter,166,166,166,166
266,Karly,Azeria,Karly.Azeria@yopmail.com,Karly.Azeria@gmail.com,developer,167,167,167,167
267,Ofilia,Lane,Ofilia.Lane@yopmail.com,Ofilia.Lane@gmail.com,police officer,168,168,168,168
268,Lexine,Dorcy,Lexine.Dorcy@yopmail.com,Lexine.Dorcy@gmail.com,worker,169,169,169,169
269,Ethel,Arne,Ethel.Arne@yopmail.com,Ethel.Arne@gmail.com,doctor,170,170,170,170
270,Chastity,Bluh,Chastity.Bluh@yopmail.com,Chastity.Bluh@gmail.com,doctor,171,171,171,171
271,Hallie,Belldas,Hallie.Belldas@yopmail.com,Hallie.Belldas@gmail.com,doctor,172,172,172,172
272,Maisey,Belldas,Maisey.Belldas@yopmail.com,Maisey.Belldas@gmail.com,police officer,173,173,173,173
273,Beatriz,Emerson,Beatriz.Emerson@yopmail.com,Beatriz.Emerson@gmail.com,worker,174,174,174,174
274,Edyth,Stacy,Edyth.Stacy@yopmail.com,Edyth.Stacy@gmail.com,firefighter,175,175,175,175
275,Gusty,Valerio,Gusty.Valerio@yopmail.com,Gusty.Valerio@gmail.com,worker,176,176,176,176
276,Nickie,Papageno,Nickie.Papageno@yopmail.com,Nickie.Papageno@gmail.com,doctor,177,177,177,177
277,Anica,Pond,Anica.Pond@yopmail.com,Anica.Pond@gmail.com,firefighter,178,178,178,178
278,Sheree,Adrienne,Sheree.Adrienne@yopmail.com,Sheree.Adrienne@gmail.com,doctor,179,179,179,179
279,Abbie,Calhoun,Abbie.Calhoun@yopmail.com,Abbie.Calhoun@gmail.com,worker,180,180,180,180
280,Tamqrah,Carleen,Tamqrah.Carleen@yopmail.com,Tamqrah.Carleen@gmail.com,developer,181,181,181,181
281,Benita,Anastatius,Benita.Anastatius@yopmail.com,Benita.Anastatius@gmail.com,firefighter,182,182,182,182
282,Sybille,Carlson,Sybille.Carlson@yopmail.com,Sybille.Carlson@gmail.com,developer,183,183,183,183
283,Orelia,Hylan,Orelia.Hylan@yopmail.com,Orelia.Hylan@gmail.com,doctor,184,184,184,184
284,Juliane,Alejoa,Juliane.Alejoa@yopmail.com,Juliane.Alejoa@gmail.com,police officer,185,185,185,185
285,Peri,Suzetta,Peri.Suzetta@yopmail.com,Peri.Suzetta@gmail.com,developer,186,186,186,186
286,Violet,Kesley,Violet.Kesley@yopmail.com,Violet.Kesley@gmail.com,police officer,187,187,187,187
287,Lory,Lutero,Lory.Lutero@yopmail.com,Lory.Lutero@gmail.com,firefighter,188,188,188,188
288,Adelle,Atcliffe,Adelle.Atcliffe@yopmail.com,Adelle.Atcliffe@gmail.com,police officer,189,189,189,189
289,Millie,Lunsford,Millie.Lunsford@yopmail.com,Millie.Lunsford@gmail.com,police officer,190,190,190,190
290,Julieta,Carolin,Julieta.Carolin@yopmail.com,Julieta.Carolin@gmail.com,doctor,191,191,191,191
291,Glynnis,Markman,Glynnis.Markman@yopmail.com,Glynnis.Markman@gmail.com,doctor,192,192,192,192
292,Jemie,Donell,Jemie.Donell@yopmail.com,Jemie.Donell@gmail.com,police officer,193,193,193,193
293,Adelle,Eachern,Adelle.Eachern@yopmail.com,Adelle.Eachern@gmail.com,police officer,194,194,194,194
294,Cathie,Roxanna,Cathie.Roxanna@yopmail.com,Cathie.Roxanna@gmail.com,police officer,195,195,195,195
295,Miquela,Chesna,Miquela.Chesna@yopmail.com,Miquela.Chesna@gmail.com,police officer,196,196,196,196
296,Lory,Millda,Lory.Millda@yopmail.com,Lory.Millda@gmail.com,police officer,197,197,197,197
297,Rubie,Auberbach,Rubie.Auberbach@yopmail.com,Rubie.Auberbach@gmail.com,worker,198,198,198,198
298,Marnia,Ade,Marnia.Ade@yopmail.com,Marnia.Ade@gmail.com,developer,199,199,199,199
299,Marjie,Papageno,Marjie.Papageno@yopmail.com,Marjie.Papageno@gmail.com,developer,200,200,200,200
300,Chandra,Rustice,Chandra.Rustice@yopmail.com,Chandra.Rustice@gmail.com,developer,201,201,201,201
301,Louella,Krystle,Louella.Krystle@yopmail.com,Louella.Krystle@gmail.com,firefighter,202,202,202,202
302,Phedra,Stoller,Phedra.Stoller@yopmail.com,Phedra.Stoller@gmail.com,worker,203,203,203,203
303,Lorne,Leifeste,Lorne.Leifeste@yopmail.com,Lorne.Leifeste@gmail.com,firefighter,204,204,204,204
304,Gwyneth,Clara,Gwyneth.Clara@yopmail.com,Gwyneth.Clara@gmail.com,worker,205,205,205,205
305,Lorenza,Gavrila,Lorenza.Gavrila@yopmail.com,Lorenza.Gavrila@gmail.com,worker,206,206,206,206
306,Stephanie,Peonir,Stephanie.Peonir@yopmail.com,Stephanie.Peonir@gmail.com,police officer,207,207,207,207
307,Jennica,Quinn,Jennica.Quinn@yopmail.com,Jennica.Quinn@gmail.com,developer,208,208,208,208
308,Linet,Denis,Linet.Denis@yopmail.com,Linet.Denis@gmail.com,worker,209,209,209,209
309,Leia,Alfons,Leia.Alfons@yopmail.com,Leia.Alfons@gmail.com,police officer,210,210,210,210
310,Zia,Neils,Zia.Neils@yopmail.com,Zia.Neils@gmail.com,developer,211,211,211,211
311,Cristine,Guildroy,Cristine.Guildroy@yopmail.com,Cristine.Guildroy@gmail.com,worker,212,212,212,212
312,Ida,Lorain,Ida.Lorain@yopmail.com,Ida.Lorain@gmail.com,police officer,213,213,213,213
313,Jordan,Redmond,Jordan.Redmond@yopmail.com,Jordan.Redmond@gmail.com,firefighter,214,214,214,214
314,Antonietta,Bevin,Antonietta.Bevin@yopmail.com,Antonietta.Bevin@gmail.com,developer,215,215,215,215
315,Cassandra,Seagraves,Cassandra.Seagraves@yopmail.com,Cassandra.Seagraves@gmail.com,worker,216,216,216,216
316,Brandise,Lalitta,Brandise.Lalitta@yopmail.com,Brandise.Lalitta@gmail.com,developer,217,217,217,217
317,Dione,Bearnard,Dione.Bearnard@yopmail.com,Dione.Bearnard@gmail.com,firefighter,218,218,218,218
318,Fawne,Armanda,Fawne.Armanda@yopmail.com,Fawne.Armanda@gmail.com,worker,219,219,219,219
319,Ursulina,Romelda,Ursulina.Romelda@yopmail.com,Ursulina.Romelda@gmail.com,developer,220,220,220,220
320,Corene,Maiah,Corene.Maiah@yopmail.com,Corene.Maiah@gmail.com,firefighter,221,221,221,221
321,Taffy,Linehan,Taffy.Linehan@yopmail.com,Taffy.Linehan@gmail.com,developer,222,222,222,222
322,Ariela,Garlinda,Ariela.Garlinda@yopmail.com,Ariela.Garlinda@gmail.com,doctor,223,223,223,223
323,Ardys,Harl,Ardys.Harl@yopmail.com,Ardys.Harl@gmail.com,worker,224,224,224,224
324,Mignon,Suk,Mignon.Suk@yopmail.com,Mignon.Suk@gmail.com,police officer,225,225,225,225
325,Leeanne,Klotz,Leeanne.Klotz@yopmail.com,Leeanne.Klotz@gmail.com,developer,226,226,226,226
326,Laurene,Orlene,Laurene.Orlene@yopmail.com,Laurene.Orlene@gmail.com,doctor,227,227,227,227
327,Kial,Publia,Kial.Publia@yopmail.com,Kial.Publia@gmail.com,firefighter,228,228,228,228
328,Margarette,Vorster,Margarette.Vorster@yopmail.com,Margarette.Vorster@gmail.com,firefighter,229,229,229,229
329,Vita,Winthorpe,Vita.Winthorpe@yopmail.com,Vita.Winthorpe@gmail.com,police officer,230,230,230,230
330,Corene,Behre,Corene.Behre@yopmail.com,Corene.Behre@gmail.com,worker,231,231,231,231
331,Maryellen,Lutero,Maryellen.Lutero@yopmail.com,Maryellen.Lutero@gmail.com,doctor,232,232,232,232
332,Jorry,Breed,Jorry.Breed@yopmail.com,Jorry.Breed@gmail.com,worker,233,233,233,233
333,Hermione,Jerold,Hermione.Jerold@yopmail.com,Hermione.Jerold@gmail.com,worker,234,234,234,234
334,Winifred,Nance,Winifred.Nance@yopmail.com,Winifred.Nance@gmail.com,developer,235,235,235,235
335,Dorene,Frendel,Dorene.Frendel@yopmail.com,Dorene.Frendel@gmail.com,developer,236,236,236,236
336,Dorthy,Olympium,Dorthy.Olympium@yopmail.com,Dorthy.Olympium@gmail.com,police officer,237,237,237,237
337,Katuscha,Rebecka,Katuscha.Rebecka@yopmail.com,Katuscha.Rebecka@gmail.com,doctor,238,238,238,238
338,Heddie,Granoff,Heddie.Granoff@yopmail.com,Heddie.Granoff@gmail.com,worker,239,239,239,239
339,Annecorinne,Kiyoshi,Annecorinne.Kiyoshi@yopmail.com,Annecorinne.Kiyoshi@gmail.com,developer,240,240,240,240
340,Dania,Korey,Dania.Korey@yopmail.com,Dania.Korey@gmail.com,firefighter,241,241,241,241
341,Britte,Margarete,Britte.Margarete@yopmail.com,Britte.Margarete@gmail.com,police officer,242,242,242,242
342,Clo,Gladstone,Clo.Gladstone@yopmail.com,Clo.Gladstone@gmail.com,worker,243,243,243,243
343,Arlena,Buffum,Arlena.Buffum@yopmail.com,Arlena.Buffum@gmail.com,doctor,244,244,244,244
344,Nananne,Stelle,Nananne.Stelle@yopmail.com,Nananne.Stelle@gmail.com,worker,245,245,245,245
345,Annecorinne,Lumbard,Annecorinne.Lumbard@yopmail.com,Annecorinne.Lumbard@gmail.com,worker,246,246,246,246
346,Vivia,Tristram,Vivia.Tristram@yopmail.com,Vivia.Tristram@gmail.com,police officer,247,247,247,247
347,Lizzie,Durante,Lizzie.Durante@yopmail.com,Lizzie.Durante@gmail.com,developer,248,248,248,248
348,Dawn,Angelis,Dawn.Angelis@yopmail.com,Dawn.Angelis@gmail.com,firefighter,249,249,249,249
349,Julieta,Toor,Julieta.Toor@yopmail.com,Julieta.Toor@gmail.com,police officer,250,250,250,250
350,Dorice,Avi,Dorice.Avi@yopmail.com,Dorice.Avi@gmail.com,police officer,251,251,251,251
351,Dede,Goddard,Dede.Goddard@yopmail.com,Dede.Goddard@gmail.com,developer,252,252,252,252
352,Kamilah,Revkah,Kamilah.Revkah@yopmail.com,Kamilah.Revkah@gmail.com,police officer,253,253,253,253
353,Lindie,Ailyn,Lindie.Ailyn@yopmail.com,Lindie.Ailyn@gmail.com,doctor,254,254,254,254
354,Joceline,Japeth,Joceline.Japeth@yopmail.com,Joceline.Japeth@gmail.com,developer,255,255,255,255
355,Heida,Bivins,Heida.Bivins@yopmail.com,Heida.Bivins@gmail.com,police officer,256,256,256,256
356,Hayley,Chinua,Hayley.Chinua@yopmail.com,Hayley.Chinua@gmail.com,worker,257,257,257,257
357,Sonni,Clie,Sonni.Clie@yopmail.com,Sonni.Clie@gmail.com,worker,258,258,258,258
358,Petronia,Odysseus,Petronia.Odysseus@yopmail.com,Petronia.Odysseus@gmail.com,police officer,259,259,259,259
359,Philis,Morrill,Philis.Morrill@yopmail.com,Philis.Morrill@gmail.com,worker,260,260,260,260
360,Regina,Bouchard,Regina.Bouchard@yopmail.com,Regina.Bouchard@gmail.com,developer,261,261,261,261
361,Aryn,Vins,Aryn.Vins@yopmail.com,Aryn.Vins@gmail.com,firefighter,262,262,262,262
362,Tonia,Wyn,Tonia.Wyn@yopmail.com,Tonia.Wyn@gmail.com,developer,263,263,263,263
363,Arabel,Tengdin,Arabel.Tengdin@yopmail.com,Arabel.Tengdin@gmail.com,police officer,264,264,264,264
364,Alleen,Douglass,Alleen.Douglass@yopmail.com,Alleen.Douglass@gmail.com,worker,265,265,265,265
365,Janey,Ellord,Janey.Ellord@yopmail.com,Janey.Ellord@gmail.com,doctor,266,266,266,266
366,Basia,Eno,Basia.Eno@yopmail.com,Basia.Eno@gmail.com,developer,267,267,267,267
367,Joane,Jacobah,Joane.Jacobah@yopmail.com,Joane.Jacobah@gmail.com,worker,268,268,268,268
368,Shell,Rosalba,Shell.Rosalba@yopmail.com,Shell.Rosalba@gmail.com,developer,269,269,269,269
369,Mahalia,Voletta,Mahalia.Voletta@yopmail.com,Mahalia.Voletta@gmail.com,police officer,270,270,270,270
370,Kirbee,Tengdin,Kirbee.Tengdin@yopmail.com,Kirbee.Tengdin@gmail.com,firefighter,271,271,271,271
371,Hollie,Lindemann,Hollie.Lindemann@yopmail.com,Hollie.Lindemann@gmail.com,developer,272,272,272,272
372,Marcelline,Rhu,Marcelline.Rhu@yopmail.com,Marcelline.Rhu@gmail.com,worker,273,273,273,273
373,Rori,Prober,Rori.Prober@yopmail.com,Rori.Prober@gmail.com,doctor,274,274,274,274
374,Daphne,Sherfield,Daphne.Sherfield@yopmail.com,Daphne.Sherfield@gmail.com,police officer,275,275,275,275
375,Janis,Ivens,Janis.Ivens@yopmail.com,Janis.Ivens@gmail.com,worker,276,276,276,276
376,Harrietta,Lucienne,Harrietta.Lucienne@yopmail.com,Harrietta.Lucienne@gmail.com,worker,277,277,277,277
377,Agnese,Ricki,Agnese.Ricki@yopmail.com,Agnese.Ricki@gmail.com,worker,278,278,278,278
378,Genovera,Howlyn,Genovera.Howlyn@yopmail.com,Genovera.Howlyn@gmail.com,firefighter,279,279,279,279
379,Consuela,Torray,Consuela.Torray@yopmail.com,Consuela.Torray@gmail.com,firefighter,280,280,280,280
380,Ketti,Arne,Ketti.Arne@yopmail.com,Ketti.Arne@gmail.com,developer,281,281,281,281
381,Edith,Cyrie,Edith.Cyrie@yopmail.com,Edith.Cyrie@gmail.com,worker,282,282,282,282
382,Luci,Therine,Luci.Therine@yopmail.com,Luci.Therine@gmail.com,worker,283,283,283,283
383,Althea,Raul,Althea.Raul@yopmail.com,Althea.Raul@gmail.com,worker,284,284,284,284
384,Amara,Goerke,Amara.Goerke@yopmail.com,Amara.Goerke@gmail.com,firefighter,285,285,285,285
385,Allyce,Rebecka,Allyce.Rebecka@yopmail.com,Allyce.Rebecka@gmail.com,police officer,286,286,286,286
386,Madeleine,Karl,Madeleine.Karl@yopmail.com,Madeleine.Karl@gmail.com,worker,287,287,287,287
387,Cristine,Solitta,Cristine.Solitta@yopmail.com,Cristine.Solitta@gmail.com,developer,288,288,288,288
388,Melodie,Hailee,Melodie.Hailee@yopmail.com,Melodie.Hailee@gmail.com,developer,289,289,289,289
389,Liana,Egbert,Liana.Egbert@yopmail.com,Liana.Egbert@gmail.com,developer,290,290,290,290
390,Mathilda,Joseph,Mathilda.Joseph@yopmail.com,Mathilda.Joseph@gmail.com,worker,291,291,291,291
391,Codie,Kylander,Codie.Kylander@yopmail.com,Codie.Kylander@gmail.com,developer,292,292,292,292
392,Caritta,Idelia,Caritta.Idelia@yopmail.com,Caritta.Idelia@gmail.com,worker,293,293,293,293
393,Kittie,Jarib,Kittie.Jarib@yopmail.com,Kittie.Jarib@gmail.com,worker,294,294,294,294
394,Ingrid,Hebner,Ingrid.Hebner@yopmail.com,Ingrid.Hebner@gmail.com,doctor,295,295,295,295
395,Eadie,Ariella,Eadie.Ariella@yopmail.com,Eadie.Ariella@gmail.com,developer,296,296,296,296
396,Regina,Weinreb,Regina.Weinreb@yopmail.com,Regina.Weinreb@gmail.com,developer,297,297,297,297
397,Corene,Papageno,Corene.Papageno@yopmail.com,Corene.Papageno@gmail.com,firefighter,298,298,298,298
398,Lynnea,Ovid,Lynnea.Ovid@yopmail.com,Lynnea.Ovid@gmail.com,doctor,299,299,299,299
399,Nita,Gower,Nita.Gower@yopmail.com,Nita.Gower@gmail.com,worker,300,300,300,300
400,Blake,Ethban,Blake.Ethban@yopmail.com,Blake.Ethban@gmail.com,firefighter,301,301,301,301
401,Lita,Harl,Lita.Harl@yopmail.com,Lita.Harl@gmail.com,police officer,302,302,302,302
402,Sissy,Leffen,Sissy.Leffen@yopmail.com,Sissy.Leffen@gmail.com,police officer,303,303,303,303
403,Sharai,Wenoa,Sharai.Wenoa@yopmail.com,Sharai.Wenoa@gmail.com,firefighter,304,304,304,304
404,Oona,Korey,Oona.Korey@yopmail.com,Oona.Korey@gmail.com,doctor,305,305,305,305
405,Celene,Neva,Celene.Neva@yopmail.com,Celene.Neva@gmail.com,doctor,306,306,306,306
406,Aimil,Swigart,Aimil.Swigart@yopmail.com,Aimil.Swigart@gmail.com,firefighter,307,307,307,307
407,Dacia,Cullin,Dacia.Cullin@yopmail.com,Dacia.Cullin@gmail.com,doctor,308,308,308,308
408,Dorothy,Hutchison,Dorothy.Hutchison@yopmail.com,Dorothy.Hutchison@gmail.com,firefighter,309,309,309,309
409,Talya,Connelly,Talya.Connelly@yopmail.com,Talya.Connelly@gmail.com,developer,310,310,310,310
410,Blondelle,McCutcheon,Blondelle.McCutcheon@yopmail.com,Blondelle.McCutcheon@gmail.com,worker,311,311,311,311
411,Jolyn,Huggins,Jolyn.Huggins@yopmail.com,Jolyn.Huggins@gmail.com,worker,312,312,312,312
412,Livvyy,Dosia,Livvyy.Dosia@yopmail.com,Livvyy.Dosia@gmail.com,firefighter,313,313,313,313
413,Fred,Eiser,Fred.Eiser@yopmail.com,Fred.Eiser@gmail.com,worker,314,314,314,314
414,Bernardine,Eno,Bernardine.Eno@yopmail.com,Bernardine.Eno@gmail.com,doctor,315,315,315,315
415,Lelah,Audly,Lelah.Audly@yopmail.com,Lelah.Audly@gmail.com,firefighter,316,316,316,316
416,Silvana,Terencio,Silvana.Terencio@yopmail.com,Silvana.Terencio@gmail.com,doctor,317,317,317,317
417,Dione,Kinnard,Dione.Kinnard@yopmail.com,Dione.Kinnard@gmail.com,developer,318,318,318,318
418,Nataline,Gaulin,Nataline.Gaulin@yopmail.com,Nataline.Gaulin@gmail.com,firefighter,319,319,319,319
419,Myriam,Bigner,Myriam.Bigner@yopmail.com,Myriam.Bigner@gmail.com,developer,320,320,320,320
420,Lorenza,Pip,Lorenza.Pip@yopmail.com,Lorenza.Pip@gmail.com,firefighter,321,321,321,321
421,Addia,Brotherson,Addia.Brotherson@yopmail.com,Addia.Brotherson@gmail.com,worker,322,322,322,322
422,Lesly,Allina,Lesly.Allina@yopmail.com,Lesly.Allina@gmail.com,police officer,323,323,323,323
423,Anestassia,Berl,Anestassia.Berl@yopmail.com,Anestassia.Berl@gmail.com,developer,324,324,324,324
424,Lindie,Dawkins,Lindie.Dawkins@yopmail.com,Lindie.Dawkins@gmail.com,firefighter,325,325,325,325
425,Grier,Felizio,Grier.Felizio@yopmail.com,Grier.Felizio@gmail.com,doctor,326,326,326,326
426,Mildrid,Lemuela,Mildrid.Lemuela@yopmail.com,Mildrid.Lemuela@gmail.com,doctor,327,327,327,327
427,Regina,Zetta,Regina.Zetta@yopmail.com,Regina.Zetta@gmail.com,worker,328,328,328,328
428,Daune,Helve,Daune.Helve@yopmail.com,Daune.Helve@gmail.com,police officer,329,329,329,329
429,Letizia,Kimmie,Letizia.Kimmie@yopmail.com,Letizia.Kimmie@gmail.com,firefighter,330,330,330,330
430,Genovera,Tamsky,Genovera.Tamsky@yopmail.com,Genovera.Tamsky@gmail.com,police officer,331,331,331,331
431,Ashlee,Kimmie,Ashlee.Kimmie@yopmail.com,Ashlee.Kimmie@gmail.com,worker,332,332,332,332
432,Oralee,Aloise,Oralee.Aloise@yopmail.com,Oralee.Aloise@gmail.com,developer,333,333,333,333
433,Consuela,Olin,Consuela.Olin@yopmail.com,Consuela.Olin@gmail.com,worker,334,334,334,334
434,Malina,Hoban,Malina.Hoban@yopmail.com,Malina.Hoban@gmail.com,worker,335,335,335,335
435,Amelia,Hanshaw,Amelia.Hanshaw@yopmail.com,Amelia.Hanshaw@gmail.com,police officer,336,336,336,336
436,Kate,Seumas,Kate.Seumas@yopmail.com,Kate.Seumas@gmail.com,firefighter,337,337,337,337
437,Gaylene,Freddi,Gaylene.Freddi@yopmail.com,Gaylene.Freddi@gmail.com,firefighter,338,338,338,338
438,Karena,Hourigan,Karena.Hourigan@yopmail.com,Karena.Hourigan@gmail.com,worker,339,339,339,339
439,Briney,Mayeda,Briney.Mayeda@yopmail.com,Briney.Mayeda@gmail.com,developer,340,340,340,340
440,Kenna,Hathaway,Kenna.Hathaway@yopmail.com,Kenna.Hathaway@gmail.com,firefighter,341,341,341,341
441,Agathe,Old,Agathe.Old@yopmail.com,Agathe.Old@gmail.com,police officer,342,342,342,342
442,Sashenka,Hathaway,Sashenka.Hathaway@yopmail.com,Sashenka.Hathaway@gmail.com,firefighter,343,343,343,343
443,Devina,Carolin,Devina.Carolin@yopmail.com,Devina.Carolin@gmail.com,worker,344,344,344,344
444,Marti,Doig,Marti.Doig@yopmail.com,Marti.Doig@gmail.com,worker,345,345,345,345
445,Gisela,Magnolia,Gisela.Magnolia@yopmail.com,Gisela.Magnolia@gmail.com,doctor,346,346,346,346
446,Mamie,Anyah,Mamie.Anyah@yopmail.com,Mamie.Anyah@gmail.com,worker,347,347,347,347
447,Nicoli,Brieta,Nicoli.Brieta@yopmail.com,Nicoli.Brieta@gmail.com,police officer,348,348,348,348
448,Joelly,Amethist,Joelly.Amethist@yopmail.com,Joelly.Amethist@gmail.com,worker,349,349,349,349
449,Doralynne,Monaco,Doralynne.Monaco@yopmail.com,Doralynne.Monaco@gmail.com,developer,350,350,350,350
450,Alleen,Claudine,Alleen.Claudine@yopmail.com,Alleen.Claudine@gmail.com,worker,351,351,351,351
451,Deloria,Ioab,Deloria.Ioab@yopmail.com,Deloria.Ioab@gmail.com,developer,352,352,352,352
452,Carlie,Burkle,Carlie.Burkle@yopmail.com,Carlie.Burkle@gmail.com,worker,353,353,353,353
453,Ketti,Evvie,Ketti.Evvie@yopmail.com,Ketti.Evvie@gmail.com,doctor,354,354,354,354
454,Natka,Elvyn,Natka.Elvyn@yopmail.com,Natka.Elvyn@gmail.com,worker,355,355,355,355
455,Ericka,Wolfgram,Ericka.Wolfgram@yopmail.com,Ericka.Wolfgram@gmail.com,police officer,356,356,356,356
456,Bibby,Bury,Bibby.Bury@yopmail.com,Bibby.Bury@gmail.com,worker,357,357,357,357
457,Sadie,Oriana,Sadie.Oriana@yopmail.com,Sadie.Oriana@gmail.com,police officer,358,358,358,358
458,Brynna,Armanda,Brynna.Armanda@yopmail.com,Brynna.Armanda@gmail.com,police officer,359,359,359,359
459,Nadine,Ciapas,Nadine.Ciapas@yopmail.com,Nadine.Ciapas@gmail.com,doctor,360,360,360,360
460,Corene,Cornelia,Corene.Cornelia@yopmail.com,Corene.Cornelia@gmail.com,firefighter,361,361,361,361
461,Tarra,Eliathas,Tarra.Eliathas@yopmail.com,Tarra.Eliathas@gmail.com,firefighter,362,362,362,362
462,Nita,Raama,Nita.Raama@yopmail.com,Nita.Raama@gmail.com,worker,363,363,363,363
463,Flory,Keelia,Flory.Keelia@yopmail.com,Flory.Keelia@gmail.com,doctor,364,364,364,364
464,Beth,Leifeste,Beth.Leifeste@yopmail.com,Beth.Leifeste@gmail.com,firefighter,365,365,365,365
465,Eve,Prouty,Eve.Prouty@yopmail.com,Eve.Prouty@gmail.com,doctor,366,366,366,366
466,Feliza,Elisha,Feliza.Elisha@yopmail.com,Feliza.Elisha@gmail.com,doctor,367,367,367,367
467,Carly,Granoff,Carly.Granoff@yopmail.com,Carly.Granoff@gmail.com,firefighter,368,368,368,368
468,Eolanda,Darian,Eolanda.Darian@yopmail.com,Eolanda.Darian@gmail.com,firefighter,369,369,369,369
469,Oralee,Fiann,Oralee.Fiann@yopmail.com,Oralee.Fiann@gmail.com,worker,370,370,370,370
470,Betta,Fitzsimmons,Betta.Fitzsimmons@yopmail.com,Betta.Fitzsimmons@gmail.com,firefighter,371,371,371,371
471,Lynea,Bibi,Lynea.Bibi@yopmail.com,Lynea.Bibi@gmail.com,doctor,372,372,372,372
472,Flory,Haymes,Flory.Haymes@yopmail.com,Flory.Haymes@gmail.com,developer,373,373,373,373
473,Pearline,Flyn,Pearline.Flyn@yopmail.com,Pearline.Flyn@gmail.com,firefighter,374,374,374,374
474,Catrina,Fry,Catrina.Fry@yopmail.com,Catrina.Fry@gmail.com,doctor,375,375,375,375
475,Concettina,Garbe,Concettina.Garbe@yopmail.com,Concettina.Garbe@gmail.com,firefighter,376,376,376,376
476,Sibella,Skell,Sibella.Skell@yopmail.com,Sibella.Skell@gmail.com,firefighter,377,377,377,377
477,Jordan,Naashom,Jordan.Naashom@yopmail.com,Jordan.Naashom@gmail.com,doctor,378,378,378,378
478,Siana,Luhe,Siana.Luhe@yopmail.com,Siana.Luhe@gmail.com,doctor,379,379,379,379
479,Cristine,Margret,Cristine.Margret@yopmail.com,Cristine.Margret@gmail.com,doctor,380,380,380,380
480,Concettina,Lipson,Concettina.Lipson@yopmail.com,Concettina.Lipson@gmail.com,worker,381,381,381,381
481,Deirdre,Elsinore,Deirdre.Elsinore@yopmail.com,Deirdre.Elsinore@gmail.com,worker,382,382,382,382
482,Codie,Simmonds,Codie.Simmonds@yopmail.com,Codie.Simmonds@gmail.com,firefighter,383,383,383,383
483,Vevay,Gahl,Vevay.Gahl@yopmail.com,Vevay.Gahl@gmail.com,police officer,384,384,384,384
484,Konstance,Verger,Konstance.Verger@yopmail.com,Konstance.Verger@gmail.com,worker,385,385,385,385
485,Leona,Rolf,Leona.Rolf@yopmail.com,Leona.Rolf@gmail.com,police officer,386,386,386,386
486,Pearline,Tybald,Pearline.Tybald@yopmail.com,Pearline.Tybald@gmail.com,doctor,387,387,387,387
487,Charlena,Dichy,Charlena.Dichy@yopmail.com,Charlena.Dichy@gmail.com,doctor,388,388,388,388
488,Leontine,Kunin,Leontine.Kunin@yopmail.com,Leontine.Kunin@gmail.com,police officer,389,389,389,389
489,Kristan,Maisey,Kristan.Maisey@yopmail.com,Kristan.Maisey@gmail.com,firefighter,390,390,390,390
490,Susette,Kronfeld,Susette.Kronfeld@yopmail.com,Susette.Kronfeld@gmail.com,developer,391,391,391,391
491,Shaine,Si,Shaine.Si@yopmail.com,Shaine.Si@gmail.com,firefighter,392,392,392,392
492,Concettina,Loring,Concettina.Loring@yopmail.com,Concettina.Loring@gmail.com,firefighter,393,393,393,393
493,Zsa Zsa,Guthrie,Zsa Zsa.Guthrie@yopmail.com,Zsa Zsa.Guthrie@gmail.com,doctor,394,394,394,394
494,Lacie,Mallon,Lacie.Mallon@yopmail.com,Lacie.Mallon@gmail.com,worker,395,395,395,395
495,Yetty,Ovid,Yetty.Ovid@yopmail.com,Yetty.Ovid@gmail.com,developer,396,396,396,396
496,Gerrie,Morehouse,Gerrie.Morehouse@yopmail.com,Gerrie.Morehouse@gmail.com,police officer,397,397,397,397
497,Danny,Sawtelle,Danny.Sawtelle@yopmail.com,Danny.Sawtelle@gmail.com,doctor,398,398,398,398
498,Sam,Presber,Sam.Presber@yopmail.com,Sam.Presber@gmail.com,developer,399,399,399,399
499,Camile,Giule,Camile.Giule@yopmail.com,Camile.Giule@gmail.com,doctor,400,400,400,400
500,Carmencita,Cleavland,Carmencita.Cleavland@yopmail.com,Carmencita.Cleavland@gmail.com,doctor,401,401,401,401
501,Tomasina,Stanwood,Tomasina.Stanwood@yopmail.com,Tomasina.Stanwood@gmail.com,worker,402,402,402,402
502,Vinita,Adore,Vinita.Adore@yopmail.com,Vinita.Adore@gmail.com,worker,403,403,403,403
503,Halette,Othilia,Halette.Othilia@yopmail.com,Halette.Othilia@gmail.com,worker,404,404,404,404
504,Alyda,Dulciana,Alyda.Dulciana@yopmail.com,Alyda.Dulciana@gmail.com,developer,405,405,405,405
505,Fina,Edmund,Fina.Edmund@yopmail.com,Fina.Edmund@gmail.com,worker,406,406,406,406
506,Karina,Martsen,Karina.Martsen@yopmail.com,Karina.Martsen@gmail.com,doctor,407,407,407,407
507,Cherilyn,Smitt,Cherilyn.Smitt@yopmail.com,Cherilyn.Smitt@gmail.com,doctor,408,408,408,408
508,Laure,Papageno,Laure.Papageno@yopmail.com,Laure.Papageno@gmail.com,doctor,409,409,409,409
509,Laure,Randene,Laure.Randene@yopmail.com,Laure.Randene@gmail.com,developer,410,410,410,410
510,Evaleen,Socha,Evaleen.Socha@yopmail.com,Evaleen.Socha@gmail.com,police officer,411,411,411,411
511,Jean,Carri,Jean.Carri@yopmail.com,Jean.Carri@gmail.com,doctor,412,412,412,412
512,Rosanne,Firmin,Rosanne.Firmin@yopmail.com,Rosanne.Firmin@gmail.com,worker,413,413,413,413
513,Kimberley,Dreda,Kimberley.Dreda@yopmail.com,Kimberley.Dreda@gmail.com,police officer,414,414,414,414
514,Joy,Amethist,Joy.Amethist@yopmail.com,Joy.Amethist@gmail.com,developer,415,415,415,415
515,Trudie,Rese,Trudie.Rese@yopmail.com,Trudie.Rese@gmail.com,developer,416,416,416,416
516,Marline,Hoenack,Marline.Hoenack@yopmail.com,Marline.Hoenack@gmail.com,developer,417,417,417,417
517,Sara-Ann,Raffo,Sara-Ann.Raffo@yopmail.com,Sara-Ann.Raffo@gmail.com,worker,418,418,418,418
518,Claudina,Cadmar,Claudina.Cadmar@yopmail.com,Claudina.Cadmar@gmail.com,police officer,419,419,419,419
519,Lelah,Lubin,Lelah.Lubin@yopmail.com,Lelah.Lubin@gmail.com,firefighter,420,420,420,420
520,Doralynne,Georgy,Doralynne.Georgy@yopmail.com,Doralynne.Georgy@gmail.com,doctor,421,421,421,421
521,Trixi,Kamaria,Trixi.Kamaria@yopmail.com,Trixi.Kamaria@gmail.com,firefighter,422,422,422,422
522,Zia,Genna,Zia.Genna@yopmail.com,Zia.Genna@gmail.com,firefighter,423,423,423,423
523,Nikki,Albertine,Nikki.Albertine@yopmail.com,Nikki.Albertine@gmail.com,worker,424,424,424,424
524,Ira,Tybald,Ira.Tybald@yopmail.com,Ira.Tybald@gmail.com,worker,425,425,425,425
525,Maridel,Merriott,Maridel.Merriott@yopmail.com,Maridel.Merriott@gmail.com,developer,426,426,426,426
526,Jinny,Pozzy,Jinny.Pozzy@yopmail.com,Jinny.Pozzy@gmail.com,firefighter,427,427,427,427
527,Willetta,Nahum,Willetta.Nahum@yopmail.com,Willetta.Nahum@gmail.com,developer,428,428,428,428
528,Ardys,Goerke,Ardys.Goerke@yopmail.com,Ardys.Goerke@gmail.com,developer,429,429,429,429
529,Giustina,Nikaniki,Giustina.Nikaniki@yopmail.com,Giustina.Nikaniki@gmail.com,worker,430,430,430,430
530,Devina,Saree,Devina.Saree@yopmail.com,Devina.Saree@gmail.com,doctor,431,431,431,431
531,Consuela,Rosemary,Consuela.Rosemary@yopmail.com,Consuela.Rosemary@gmail.com,doctor,432,432,432,432
532,Kassey,Annabella,Kassey.Annabella@yopmail.com,Kassey.Annabella@gmail.com,worker,433,433,433,433
533,Mahalia,Revkah,Mahalia.Revkah@yopmail.com,Mahalia.Revkah@gmail.com,worker,434,434,434,434
534,Robbi,Stilwell,Robbi.Stilwell@yopmail.com,Robbi.Stilwell@gmail.com,developer,435,435,435,435
535,Jasmina,Lane,Jasmina.Lane@yopmail.com,Jasmina.Lane@gmail.com,developer,436,436,436,436
536,Wendi,Jary,Wendi.Jary@yopmail.com,Wendi.Jary@gmail.com,police officer,437,437,437,437
537,Lyssa,Zenas,Lyssa.Zenas@yopmail.com,Lyssa.Zenas@gmail.com,firefighter,438,438,438,438
538,Olivette,Meter,Olivette.Meter@yopmail.com,Olivette.Meter@gmail.com,firefighter,439,439,439,439
539,Jorry,Peti,Jorry.Peti@yopmail.com,Jorry.Peti@gmail.com,firefighter,440,440,440,440
540,Joy,Schalles,Joy.Schalles@yopmail.com,Joy.Schalles@gmail.com,firefighter,441,441,441,441
541,Alia,Pillsbury,Alia.Pillsbury@yopmail.com,Alia.Pillsbury@gmail.com,doctor,442,442,442,442
542,Alisha,Chinua,Alisha.Chinua@yopmail.com,Alisha.Chinua@gmail.com,developer,443,443,443,443
543,Valli,Lymann,Valli.Lymann@yopmail.com,Valli.Lymann@gmail.com,worker,444,444,444,444
544,Sashenka,Roarke,Sashenka.Roarke@yopmail.com,Sashenka.Roarke@gmail.com,worker,445,445,445,445
545,Wileen,Manolo,Wileen.Manolo@yopmail.com,Wileen.Manolo@gmail.com,police officer,446,446,446,446
546,Jennica,Fry,Jennica.Fry@yopmail.com,Jennica.Fry@gmail.com,developer,447,447,447,447
547,Maisey,Roscoe,Maisey.Roscoe@yopmail.com,Maisey.Roscoe@gmail.com,doctor,448,448,448,448
548,Allyce,Winthorpe,Allyce.Winthorpe@yopmail.com,Allyce.Winthorpe@gmail.com,doctor,449,449,449,449
549,Rosaline,Poppy,Rosaline.Poppy@yopmail.com,Rosaline.Poppy@gmail.com,doctor,450,450,450,450
550,Wileen,Wildermuth,Wileen.Wildermuth@yopmail.com,Wileen.Wildermuth@gmail.com,worker,451,451,451,451
551,Aigneis,Firmin,Aigneis.Firmin@yopmail.com,Aigneis.Firmin@gmail.com,police officer,452,452,452,452
552,Jeanna,Hewitt,Jeanna.Hewitt@yopmail.com,Jeanna.Hewitt@gmail.com,firefighter,453,453,453,453
553,Marleah,Sadowski,Marleah.Sadowski@yopmail.com,Marleah.Sadowski@gmail.com,firefighter,454,454,454,454
554,Neila,Olin,Neila.Olin@yopmail.com,Neila.Olin@gmail.com,police officer,455,455,455,455
555,Jemie,Duwalt,Jemie.Duwalt@yopmail.com,Jemie.Duwalt@gmail.com,worker,456,456,456,456
556,Sabina,Shama,Sabina.Shama@yopmail.com,Sabina.Shama@gmail.com,doctor,457,457,457,457
557,Yvonne,Belanger,Yvonne.Belanger@yopmail.com,Yvonne.Belanger@gmail.com,police officer,458,458,458,458
558,Genevra,Clywd,Genevra.Clywd@yopmail.com,Genevra.Clywd@gmail.com,police officer,459,459,459,459
559,Lucille,Ackerley,Lucille.Ackerley@yopmail.com,Lucille.Ackerley@gmail.com,police officer,460,460,460,460
560,Lonnie,Schroth,Lonnie.Schroth@yopmail.com,Lonnie.Schroth@gmail.com,firefighter,461,461,461,461
561,Cyb,Stilwell,Cyb.Stilwell@yopmail.com,Cyb.Stilwell@gmail.com,firefighter,462,462,462,462
562,Feliza,Joachim,Feliza.Joachim@yopmail.com,Feliza.Joachim@gmail.com,developer,463,463,463,463
563,Starla,Emanuel,Starla.Emanuel@yopmail.com,Starla.Emanuel@gmail.com,worker,464,464,464,464
564,Oona,Hashim,Oona.Hashim@yopmail.com,Oona.Hashim@gmail.com,developer,465,465,465,465
565,Joane,Earlie,Joane.Earlie@yopmail.com,Joane.Earlie@gmail.com,doctor,466,466,466,466
566,Renie,Persse,Renie.Persse@yopmail.com,Renie.Persse@gmail.com,doctor,467,467,467,467
567,Dione,Tatianas,Dione.Tatianas@yopmail.com,Dione.Tatianas@gmail.com,police officer,468,468,468,468
568,Gaylene,Seagraves,Gaylene.Seagraves@yopmail.com,Gaylene.Seagraves@gmail.com,developer,469,469,469,469
569,Cam,Engdahl,Cam.Engdahl@yopmail.com,Cam.Engdahl@gmail.com,worker,470,470,470,470
570,Gavrielle,Demitria,Gavrielle.Demitria@yopmail.com,Gavrielle.Demitria@gmail.com,developer,471,471,471,471
571,Farrah,Shirberg,Farrah.Shirberg@yopmail.com,Farrah.Shirberg@gmail.com,firefighter,472,472,472,472
572,Linet,Wattenberg,Linet.Wattenberg@yopmail.com,Linet.Wattenberg@gmail.com,police officer,473,473,473,473
573,Lyssa,Fulmer,Lyssa.Fulmer@yopmail.com,Lyssa.Fulmer@gmail.com,firefighter,474,474,474,474
574,Deedee,McNully,Deedee.McNully@yopmail.com,Deedee.McNully@gmail.com,firefighter,475,475,475,475
575,Hermione,Hedve,Hermione.Hedve@yopmail.com,Hermione.Hedve@gmail.com,worker,476,476,476,476
576,Mathilda,Roarke,Mathilda.Roarke@yopmail.com,Mathilda.Roarke@gmail.com,firefighter,477,477,477,477
577,Roberta,Toor,Roberta.Toor@yopmail.com,Roberta.Toor@gmail.com,police officer,478,478,478,478
578,Adore,Elsinore,Adore.Elsinore@yopmail.com,Adore.Elsinore@gmail.com,developer,479,479,479,479
579,Vanessa,Georas,Vanessa.Georas@yopmail.com,Vanessa.Georas@gmail.com,firefighter,480,480,480,480
580,Heddie,Dermott,Heddie.Dermott@yopmail.com,Heddie.Dermott@gmail.com,firefighter,481,481,481,481
581,Mahalia,Greyson,Mahalia.Greyson@yopmail.com,Mahalia.Greyson@gmail.com,doctor,482,482,482,482
582,Blondelle,Goerke,Blondelle.Goerke@yopmail.com,Blondelle.Goerke@gmail.com,doctor,483,483,483,483
583,Kellen,Martsen,Kellen.Martsen@yopmail.com,Kellen.Martsen@gmail.com,police officer,484,484,484,484
584,Pierette,Devlen,Pierette.Devlen@yopmail.com,Pierette.Devlen@gmail.com,firefighter,485,485,485,485
585,Mignon,Prouty,Mignon.Prouty@yopmail.com,Mignon.Prouty@gmail.com,developer,486,486,486,486
586,Gavrielle,Shelba,Gavrielle.Shelba@yopmail.com,Gavrielle.Shelba@gmail.com,doctor,487,487,487,487
587,Meriel,Klotz,Meriel.Klotz@yopmail.com,Meriel.Klotz@gmail.com,worker,488,488,488,488
588,Fayre,Edmund,Fayre.Edmund@yopmail.com,Fayre.Edmund@gmail.com,police officer,489,489,489,489
589,Edyth,Eugenia,Edyth.Eugenia@yopmail.com,Edyth.Eugenia@gmail.com,developer,490,490,490,490
590,Meg,Jary,Meg.Jary@yopmail.com,Meg.Jary@gmail.com,worker,491,491,491,491
591,Annaliese,Maxi,Annaliese.Maxi@yopmail.com,Annaliese.Maxi@gmail.com,firefighter,492,492,492,492
592,Cherilyn,Natalia,Cherilyn.Natalia@yopmail.com,Cherilyn.Natalia@gmail.com,developer,493,493,493,493
593,Elsie,Carvey,Elsie.Carvey@yopmail.com,Elsie.Carvey@gmail.com,developer,494,494,494,494
594,Dolli,Rillings,Dolli.Rillings@yopmail.com,Dolli.Rillings@gmail.com,doctor,495,495,495,495
595,Janey,Baudin,Janey.Baudin@yopmail.com,Janey.Baudin@gmail.com,firefighter,496,496,496,496
596,Ermengarde,Joli,Ermengarde.Joli@yopmail.com,Ermengarde.Joli@gmail.com,doctor,497,497,497,497
597,Nerta,Lorain,Nerta.Lorain@yopmail.com,Nerta.Lorain@gmail.com,worker,498,498,498,498
598,Gui,Parsaye,Gui.Parsaye@yopmail.com,Gui.Parsaye@gmail.com,worker,499,499,499,499
599,Damaris,Francene,Damaris.Francene@yopmail.com,Damaris.Francene@gmail.com,police officer,500,500,500,500
600,Cecile,Hertzfeld,Cecile.Hertzfeld@yopmail.com,Cecile.Hertzfeld@gmail.com,doctor,501,501,501,501
601,Phylis,Allare,Phylis.Allare@yopmail.com,Phylis.Allare@gmail.com,developer,502,502,502,502
602,Claudina,Vastah,Claudina.Vastah@yopmail.com,Claudina.Vastah@gmail.com,firefighter,503,503,503,503
603,Merry,Emanuel,Merry.Emanuel@yopmail.com,Merry.Emanuel@gmail.com,police officer,504,504,504,504
604,Noelle,Loring,Noelle.Loring@yopmail.com,Noelle.Loring@gmail.com,doctor,505,505,505,505
605,Hallie,Karl,Hallie.Karl@yopmail.com,Hallie.Karl@gmail.com,worker,506,506,506,506
606,Ada,Peg,Ada.Peg@yopmail.com,Ada.Peg@gmail.com,police officer,507,507,507,507
607,Valera,Lubin,Valera.Lubin@yopmail.com,Valera.Lubin@gmail.com,developer,508,508,508,508
608,Courtnay,Gombach,Courtnay.Gombach@yopmail.com,Courtnay.Gombach@gmail.com,worker,509,509,509,509
609,Leanna,Dalli,Leanna.Dalli@yopmail.com,Leanna.Dalli@gmail.com,developer,510,510,510,510
610,Ashlee,Gale,Ashlee.Gale@yopmail.com,Ashlee.Gale@gmail.com,developer,511,511,511,511
611,Constance,Pitt,Constance.Pitt@yopmail.com,Constance.Pitt@gmail.com,firefighter,512,512,512,512
612,Edyth,Kirstin,Edyth.Kirstin@yopmail.com,Edyth.Kirstin@gmail.com,doctor,513,513,513,513
613,Genevra,Maryanne,Genevra.Maryanne@yopmail.com,Genevra.Maryanne@gmail.com,firefighter,514,514,514,514
614,Lory,Odysseus,Lory.Odysseus@yopmail.com,Lory.Odysseus@gmail.com,worker,515,515,515,515
615,Raquela,Ricarda,Raquela.Ricarda@yopmail.com,Raquela.Ricarda@gmail.com,firefighter,516,516,516,516
616,Aurelie,Demitria,Aurelie.Demitria@yopmail.com,Aurelie.Demitria@gmail.com,doctor,517,517,517,517
617,Hannis,McAdams,Hannis.McAdams@yopmail.com,Hannis.McAdams@gmail.com,worker,518,518,518,518
618,Felice,Blisse,Felice.Blisse@yopmail.com,Felice.Blisse@gmail.com,developer,519,519,519,519
619,Aurelie,Joseph,Aurelie.Joseph@yopmail.com,Aurelie.Joseph@gmail.com,worker,520,520,520,520
620,Flo,Lea,Flo.Lea@yopmail.com,Flo.Lea@gmail.com,worker,521,521,521,521
621,Doro,Jobi,Doro.Jobi@yopmail.com,Doro.Jobi@gmail.com,developer,522,522,522,522
622,Lenna,Fry,Lenna.Fry@yopmail.com,Lenna.Fry@gmail.com,doctor,523,523,523,523
623,Dari,Ax,Dari.Ax@yopmail.com,Dari.Ax@gmail.com,doctor,524,524,524,524
624,Jean,Leonard,Jean.Leonard@yopmail.com,Jean.Leonard@gmail.com,police officer,525,525,525,525
625,Cristabel,Burch,Cristabel.Burch@yopmail.com,Cristabel.Burch@gmail.com,doctor,526,526,526,526
626,Ira,Rad,Ira.Rad@yopmail.com,Ira.Rad@gmail.com,firefighter,527,527,527,527
627,Rhea,Shuler,Rhea.Shuler@yopmail.com,Rhea.Shuler@gmail.com,worker,528,528,528,528
628,Sharlene,Flyn,Sharlene.Flyn@yopmail.com,Sharlene.Flyn@gmail.com,developer,529,529,529,529
629,Mignon,Poll,Mignon.Poll@yopmail.com,Mignon.Poll@gmail.com,firefighter,530,530,530,530
630,Alia,Geffner,Alia.Geffner@yopmail.com,Alia.Geffner@gmail.com,worker,531,531,531,531
631,Roslyn,Hilbert,Roslyn.Hilbert@yopmail.com,Roslyn.Hilbert@gmail.com,police officer,532,532,532,532
632,Amara,Rooney,Amara.Rooney@yopmail.com,Amara.Rooney@gmail.com,firefighter,533,533,533,533
633,Cecile,Lasley,Cecile.Lasley@yopmail.com,Cecile.Lasley@gmail.com,worker,534,534,534,534
634,Ofilia,Gordon,Ofilia.Gordon@yopmail.com,Ofilia.Gordon@gmail.com,police officer,535,535,535,535
635,Anestassia,Sharl,Anestassia.Sharl@yopmail.com,Anestassia.Sharl@gmail.com,doctor,536,536,536,536
636,Asia,Bibi,Asia.Bibi@yopmail.com,Asia.Bibi@gmail.com,police officer,537,537,537,537
637,Oona,Syd,Oona.Syd@yopmail.com,Oona.Syd@gmail.com,police officer,538,538,538,538
638,Maryellen,Goth,Maryellen.Goth@yopmail.com,Maryellen.Goth@gmail.com,doctor,539,539,539,539
639,Misha,Koehler,Misha.Koehler@yopmail.com,Misha.Koehler@gmail.com,police officer,540,540,540,540
640,Kirbee,Lane,Kirbee.Lane@yopmail.com,Kirbee.Lane@gmail.com,firefighter,541,541,541,541
641,Grier,Bethany,Grier.Bethany@yopmail.com,Grier.Bethany@gmail.com,doctor,542,542,542,542
642,Micheline,Harned,Micheline.Harned@yopmail.com,Micheline.Harned@gmail.com,police officer,543,543,543,543
643,Tamqrah,Mike,Tamqrah.Mike@yopmail.com,Tamqrah.Mike@gmail.com,doctor,544,544,544,544
644,Karena,Robertson,Karena.Robertson@yopmail.com,Karena.Robertson@gmail.com,doctor,545,545,545,545
645,Ronna,Raffo,Ronna.Raffo@yopmail.com,Ronna.Raffo@gmail.com,police officer,546,546,546,546
646,Tiffie,Screens,Tiffie.Screens@yopmail.com,Tiffie.Screens@gmail.com,doctor,547,547,547,547
647,Jolyn,Barney,Jolyn.Barney@yopmail.com,Jolyn.Barney@gmail.com,worker,548,548,548,548
648,Annaliese,Wenoa,Annaliese.Wenoa@yopmail.com,Annaliese.Wenoa@gmail.com,doctor,549,549,549,549
649,Kate,Belanger,Kate.Belanger@yopmail.com,Kate.Belanger@gmail.com,firefighter,550,550,550,550
650,Taffy,Presber,Taffy.Presber@yopmail.com,Taffy.Presber@gmail.com,firefighter,551,551,551,551
651,Kathi,Gombach,Kathi.Gombach@yopmail.com,Kathi.Gombach@gmail.com,doctor,552,552,552,552
652,Misha,Alisia,Misha.Alisia@yopmail.com,Misha.Alisia@gmail.com,doctor,553,553,553,553
653,Cherilyn,Bouchard,Cherilyn.Bouchard@yopmail.com,Cherilyn.Bouchard@gmail.com,developer,554,554,554,554
654,Marnia,Schwejda,Marnia.Schwejda@yopmail.com,Marnia.Schwejda@gmail.com,police officer,555,555,555,555
655,Christy,Amadas,Christy.Amadas@yopmail.com,Christy.Amadas@gmail.com,developer,556,556,556,556
656,Jillayne,Dituri,Jillayne.Dituri@yopmail.com,Jillayne.Dituri@gmail.com,firefighter,557,557,557,557
657,Kimberley,Anis,Kimberley.Anis@yopmail.com,Kimberley.Anis@gmail.com,firefighter,558,558,558,558
658,Alia,Kellby,Alia.Kellby@yopmail.com,Alia.Kellby@gmail.com,firefighter,559,559,559,559
659,Calla,Gherardo,Calla.Gherardo@yopmail.com,Calla.Gherardo@gmail.com,developer,560,560,560,560
660,Marti,Chick,Marti.Chick@yopmail.com,Marti.Chick@gmail.com,worker,561,561,561,561
661,Lorie,Mozelle,Lorie.Mozelle@yopmail.com,Lorie.Mozelle@gmail.com,developer,562,562,562,562
662,Libbie,Turne,Libbie.Turne@yopmail.com,Libbie.Turne@gmail.com,worker,563,563,563,563
663,Rozele,Mike,Rozele.Mike@yopmail.com,Rozele.Mike@gmail.com,police officer,564,564,564,564
664,Wynne,Allare,Wynne.Allare@yopmail.com,Wynne.Allare@gmail.com,police officer,565,565,565,565
665,Madeleine,Barbey,Madeleine.Barbey@yopmail.com,Madeleine.Barbey@gmail.com,developer,566,566,566,566
666,Beatriz,Xerxes,Beatriz.Xerxes@yopmail.com,Beatriz.Xerxes@gmail.com,worker,567,567,567,567
667,Kalina,Standing,Kalina.Standing@yopmail.com,Kalina.Standing@gmail.com,police officer,568,568,568,568
668,Hyacinthe,Eno,Hyacinthe.Eno@yopmail.com,Hyacinthe.Eno@gmail.com,developer,569,569,569,569
669,Ezmeralda,Lamoree,Ezmeralda.Lamoree@yopmail.com,Ezmeralda.Lamoree@gmail.com,developer,570,570,570,570
670,Madeleine,Diann,Madeleine.Diann@yopmail.com,Madeleine.Diann@gmail.com,doctor,571,571,571,571
671,Molli,Chaing,Molli.Chaing@yopmail.com,Molli.Chaing@gmail.com,doctor,572,572,572,572
672,Laurene,Cristi,Laurene.Cristi@yopmail.com,Laurene.Cristi@gmail.com,developer,573,573,573,573
673,Chrystel,Wadell,Chrystel.Wadell@yopmail.com,Chrystel.Wadell@gmail.com,developer,574,574,574,574
674,Kirstin,Voletta,Kirstin.Voletta@yopmail.com,Kirstin.Voletta@gmail.com,firefighter,575,575,575,575
675,Caressa,Ricki,Caressa.Ricki@yopmail.com,Caressa.Ricki@gmail.com,worker,576,576,576,576
676,Cathyleen,Hertzfeld,Cathyleen.Hertzfeld@yopmail.com,Cathyleen.Hertzfeld@gmail.com,doctor,577,577,577,577
677,Penelopa,Richers,Penelopa.Richers@yopmail.com,Penelopa.Richers@gmail.com,doctor,578,578,578,578
678,Aimil,Loeb,Aimil.Loeb@yopmail.com,Aimil.Loeb@gmail.com,doctor,579,579,579,579
679,Lexine,Cullin,Lexine.Cullin@yopmail.com,Lexine.Cullin@gmail.com,firefighter,580,580,580,580
680,Willetta,Sacken,Willetta.Sacken@yopmail.com,Willetta.Sacken@gmail.com,firefighter,581,581,581,581
681,Larine,Erminia,Larine.Erminia@yopmail.com,Larine.Erminia@gmail.com,firefighter,582,582,582,582
682,Cathie,Chandler,Cathie.Chandler@yopmail.com,Cathie.Chandler@gmail.com,police officer,583,583,583,583
683,Cathie,Leifeste,Cathie.Leifeste@yopmail.com,Cathie.Leifeste@gmail.com,firefighter,584,584,584,584
684,Sue,Audly,Sue.Audly@yopmail.com,Sue.Audly@gmail.com,police officer,585,585,585,585
685,Ardys,Pierette,Ardys.Pierette@yopmail.com,Ardys.Pierette@gmail.com,doctor,586,586,586,586
686,Nikki,Zola,Nikki.Zola@yopmail.com,Nikki.Zola@gmail.com,police officer,587,587,587,587
687,Andeee,Levey,Andeee.Levey@yopmail.com,Andeee.Levey@gmail.com,firefighter,588,588,588,588
688,Roslyn,Keily,Roslyn.Keily@yopmail.com,Roslyn.Keily@gmail.com,developer,589,589,589,589
689,Annabela,Frendel,Annabela.Frendel@yopmail.com,Annabela.Frendel@gmail.com,developer,590,590,590,590
690,Binny,Ietta,Binny.Ietta@yopmail.com,Binny.Ietta@gmail.com,doctor,591,591,591,591
691,Annabela,Mendez,Annabela.Mendez@yopmail.com,Annabela.Mendez@gmail.com,doctor,592,592,592,592
692,Rosanne,Regan,Rosanne.Regan@yopmail.com,Rosanne.Regan@gmail.com,developer,593,593,593,593
693,Dorothy,Wind,Dorothy.Wind@yopmail.com,Dorothy.Wind@gmail.com,police officer,594,594,594,594
694,Jordan,Pandolfi,Jordan.Pandolfi@yopmail.com,Jordan.Pandolfi@gmail.com,police officer,595,595,595,595
695,Raf,Stover,Raf.Stover@yopmail.com,Raf.Stover@gmail.com,firefighter,596,596,596,596
696,Mara,Zeeba,Mara.Zeeba@yopmail.com,Mara.Zeeba@gmail.com,police officer,597,597,597,597
697,Sadie,Richers,Sadie.Richers@yopmail.com,Sadie.Richers@gmail.com,police officer,598,598,598,598
698,Tatiania,Olnee,Tatiania.Olnee@yopmail.com,Tatiania.Olnee@gmail.com,worker,599,599,599,599
699,Susette,Arvo,Susette.Arvo@yopmail.com,Susette.Arvo@gmail.com,doctor,600,600,600,600
700,Lorenza,Sammons,Lorenza.Sammons@yopmail.com,Lorenza.Sammons@gmail.com,developer,601,601,601,601
701,Eve,Kronfeld,Eve.Kronfeld@yopmail.com,Eve.Kronfeld@gmail.com,police officer,602,602,602,602
702,Ilse,Madox,Ilse.Madox@yopmail.com,Ilse.Madox@gmail.com,firefighter,603,603,603,603
703,Mara,Pitt,Mara.Pitt@yopmail.com,Mara.Pitt@gmail.com,doctor,604,604,604,604
704,Madalyn,Pierette,Madalyn.Pierette@yopmail.com,Madalyn.Pierette@gmail.com,firefighter,605,605,605,605
705,Bertine,Gale,Bertine.Gale@yopmail.com,Bertine.Gale@gmail.com,police officer,606,606,606,606
706,Tomasina,Kermit,Tomasina.Kermit@yopmail.com,Tomasina.Kermit@gmail.com,doctor,607,607,607,607
707,Rivalee,Riva,Rivalee.Riva@yopmail.com,Rivalee.Riva@gmail.com,police officer,608,608,608,608
708,Kellen,Ellerey,Kellen.Ellerey@yopmail.com,Kellen.Ellerey@gmail.com,firefighter,609,609,609,609
709,Maurene,Meter,Maurene.Meter@yopmail.com,Maurene.Meter@gmail.com,police officer,610,610,610,610
710,Elena,Hanleigh,Elena.Hanleigh@yopmail.com,Elena.Hanleigh@gmail.com,doctor,611,611,611,611
711,Binny,Chrystel,Binny.Chrystel@yopmail.com,Binny.Chrystel@gmail.com,developer,612,612,612,612
712,Starla,Serilda,Starla.Serilda@yopmail.com,Starla.Serilda@gmail.com,worker,613,613,613,613
713,Pamella,Crudden,Pamella.Crudden@yopmail.com,Pamella.Crudden@gmail.com,police officer,614,614,614,614
714,Cam,Ajay,Cam.Ajay@yopmail.com,Cam.Ajay@gmail.com,developer,615,615,615,615
715,Shaine,Malvino,Shaine.Malvino@yopmail.com,Shaine.Malvino@gmail.com,developer,616,616,616,616
716,Dorene,Shaver,Dorene.Shaver@yopmail.com,Dorene.Shaver@gmail.com,developer,617,617,617,617
717,Gratia,Leffen,Gratia.Leffen@yopmail.com,Gratia.Leffen@gmail.com,police officer,618,618,618,618
718,Clarice,Pip,Clarice.Pip@yopmail.com,Clarice.Pip@gmail.com,police officer,619,619,619,619
719,Xylina,Allare,Xylina.Allare@yopmail.com,Xylina.Allare@gmail.com,police officer,620,620,620,620
720,Agathe,Maurine,Agathe.Maurine@yopmail.com,Agathe.Maurine@gmail.com,worker,621,621,621,621
721,Ivett,Honoria,Ivett.Honoria@yopmail.com,Ivett.Honoria@gmail.com,developer,622,622,622,622
722,Jordan,Concha,Jordan.Concha@yopmail.com,Jordan.Concha@gmail.com,worker,623,623,623,623
723,Fernande,Buttaro,Fernande.Buttaro@yopmail.com,Fernande.Buttaro@gmail.com,firefighter,624,624,624,624
724,Genovera,Eugenia,Genovera.Eugenia@yopmail.com,Genovera.Eugenia@gmail.com,developer,625,625,625,625
725,Tomasina,Rudolph,Tomasina.Rudolph@yopmail.com,Tomasina.Rudolph@gmail.com,firefighter,626,626,626,626
726,Cecile,Cutlerr,Cecile.Cutlerr@yopmail.com,Cecile.Cutlerr@gmail.com,firefighter,627,627,627,627
727,Queenie,Himelman,Queenie.Himelman@yopmail.com,Queenie.Himelman@gmail.com,firefighter,628,628,628,628
728,Nonnah,Harday,Nonnah.Harday@yopmail.com,Nonnah.Harday@gmail.com,worker,629,629,629,629
729,Adele,Sprage,Adele.Sprage@yopmail.com,Adele.Sprage@gmail.com,police officer,630,630,630,630
730,Suzette,Center,Suzette.Center@yopmail.com,Suzette.Center@gmail.com,doctor,631,631,631,631
731,Vita,Radu,Vita.Radu@yopmail.com,Vita.Radu@gmail.com,doctor,632,632,632,632
732,Celene,Jillane,Celene.Jillane@yopmail.com,Celene.Jillane@gmail.com,doctor,633,633,633,633
733,Marguerite,Tatianas,Marguerite.Tatianas@yopmail.com,Marguerite.Tatianas@gmail.com,worker,634,634,634,634
734,Kaia,Emerson,Kaia.Emerson@yopmail.com,Kaia.Emerson@gmail.com,doctor,635,635,635,635
735,Quintina,Joseph,Quintina.Joseph@yopmail.com,Quintina.Joseph@gmail.com,worker,636,636,636,636
736,Morganica,Giule,Morganica.Giule@yopmail.com,Morganica.Giule@gmail.com,police officer,637,637,637,637
737,Reeba,Martsen,Reeba.Martsen@yopmail.com,Reeba.Martsen@gmail.com,doctor,638,638,638,638
738,Trudie,Percy,Trudie.Percy@yopmail.com,Trudie.Percy@gmail.com,firefighter,639,639,639,639
739,Melanie,Harday,Melanie.Harday@yopmail.com,Melanie.Harday@gmail.com,worker,640,640,640,640
740,Flo,Tamsky,Flo.Tamsky@yopmail.com,Flo.Tamsky@gmail.com,developer,641,641,641,641
741,Romona,Zrike,Romona.Zrike@yopmail.com,Romona.Zrike@gmail.com,worker,642,642,642,642
742,Estell,Hoenack,Estell.Hoenack@yopmail.com,Estell.Hoenack@gmail.com,firefighter,643,643,643,643
743,Gwenneth,Bryna,Gwenneth.Bryna@yopmail.com,Gwenneth.Bryna@gmail.com,police officer,644,644,644,644
744,Kayla,Rhu,Kayla.Rhu@yopmail.com,Kayla.Rhu@gmail.com,police officer,645,645,645,645
745,Cristabel,Merriott,Cristabel.Merriott@yopmail.com,Cristabel.Merriott@gmail.com,firefighter,646,646,646,646
746,Vonny,Carleen,Vonny.Carleen@yopmail.com,Vonny.Carleen@gmail.com,worker,647,647,647,647
747,Lauryn,Amadas,Lauryn.Amadas@yopmail.com,Lauryn.Amadas@gmail.com,firefighter,648,648,648,648
748,Cacilie,Emmaline,Cacilie.Emmaline@yopmail.com,Cacilie.Emmaline@gmail.com,worker,649,649,649,649
749,Kaia,Socha,Kaia.Socha@yopmail.com,Kaia.Socha@gmail.com,police officer,650,650,650,650
750,Dianemarie,Whiffen,Dianemarie.Whiffen@yopmail.com,Dianemarie.Whiffen@gmail.com,police officer,651,651,651,651
751,Dorice,Zina,Dorice.Zina@yopmail.com,Dorice.Zina@gmail.com,developer,652,652,652,652
752,Kelly,Han,Kelly.Han@yopmail.com,Kelly.Han@gmail.com,doctor,653,653,653,653
753,Doralynne,Byrne,Doralynne.Byrne@yopmail.com,Doralynne.Byrne@gmail.com,worker,654,654,654,654
754,Mara,Merna,Mara.Merna@yopmail.com,Mara.Merna@gmail.com,police officer,655,655,655,655
755,Elsie,Donoghue,Elsie.Donoghue@yopmail.com,Elsie.Donoghue@gmail.com,firefighter,656,656,656,656
756,Juliane,Willie,Juliane.Willie@yopmail.com,Juliane.Willie@gmail.com,police officer,657,657,657,657
757,Deloria,Parsaye,Deloria.Parsaye@yopmail.com,Deloria.Parsaye@gmail.com,developer,658,658,658,658
758,Etta,Fennessy,Etta.Fennessy@yopmail.com,Etta.Fennessy@gmail.com,doctor,659,659,659,659
759,Sam,Urania,Sam.Urania@yopmail.com,Sam.Urania@gmail.com,doctor,660,660,660,660
760,Jenilee,Norvol,Jenilee.Norvol@yopmail.com,Jenilee.Norvol@gmail.com,firefighter,661,661,661,661
761,Arlena,Leopold,Arlena.Leopold@yopmail.com,Arlena.Leopold@gmail.com,worker,662,662,662,662
762,Christian,Adore,Christian.Adore@yopmail.com,Christian.Adore@gmail.com,developer,663,663,663,663
763,Gwyneth,Carey,Gwyneth.Carey@yopmail.com,Gwyneth.Carey@gmail.com,worker,664,664,664,664
764,Dode,Wilona,Dode.Wilona@yopmail.com,Dode.Wilona@gmail.com,police officer,665,665,665,665
765,Phedra,Fabiola,Phedra.Fabiola@yopmail.com,Phedra.Fabiola@gmail.com,worker,666,666,666,666
766,Sara-Ann,Crudden,Sara-Ann.Crudden@yopmail.com,Sara-Ann.Crudden@gmail.com,firefighter,667,667,667,667
767,Lanna,Malvino,Lanna.Malvino@yopmail.com,Lanna.Malvino@gmail.com,firefighter,668,668,668,668
768,Karlee,Azeria,Karlee.Azeria@yopmail.com,Karlee.Azeria@gmail.com,doctor,669,669,669,669
769,Lonnie,Jeanne,Lonnie.Jeanne@yopmail.com,Lonnie.Jeanne@gmail.com,police officer,670,670,670,670
770,Ariela,Nisbet,Ariela.Nisbet@yopmail.com,Ariela.Nisbet@gmail.com,police officer,671,671,671,671
771,Maurene,Edvard,Maurene.Edvard@yopmail.com,Maurene.Edvard@gmail.com,police officer,672,672,672,672
772,Bernie,Ezar,Bernie.Ezar@yopmail.com,Bernie.Ezar@gmail.com,police officer,673,673,673,673
773,Kial,Latini,Kial.Latini@yopmail.com,Kial.Latini@gmail.com,firefighter,674,674,674,674
774,Benita,Bertold,Benita.Bertold@yopmail.com,Benita.Bertold@gmail.com,firefighter,675,675,675,675
775,Elise,Hutchison,Elise.Hutchison@yopmail.com,Elise.Hutchison@gmail.com,worker,676,676,676,676
776,Brianna,Kenwood,Brianna.Kenwood@yopmail.com,Brianna.Kenwood@gmail.com,worker,677,677,677,677
777,Georgetta,Thomasina,Georgetta.Thomasina@yopmail.com,Georgetta.Thomasina@gmail.com,developer,678,678,678,678
778,Sashenka,Sheedy,Sashenka.Sheedy@yopmail.com,Sashenka.Sheedy@gmail.com,police officer,679,679,679,679
779,Emilia,Roarke,Emilia.Roarke@yopmail.com,Emilia.Roarke@gmail.com,police officer,680,680,680,680
780,Judy,Neva,Judy.Neva@yopmail.com,Judy.Neva@gmail.com,doctor,681,681,681,681
781,Leona,Whittaker,Leona.Whittaker@yopmail.com,Leona.Whittaker@gmail.com,police officer,682,682,682,682
782,Quintina,Imelida,Quintina.Imelida@yopmail.com,Quintina.Imelida@gmail.com,firefighter,683,683,683,683
783,Cathie,Teddman,Cathie.Teddman@yopmail.com,Cathie.Teddman@gmail.com,firefighter,684,684,684,684
784,Gale,Firmin,Gale.Firmin@yopmail.com,Gale.Firmin@gmail.com,doctor,685,685,685,685
785,Correy,Gwenore,Correy.Gwenore@yopmail.com,Correy.Gwenore@gmail.com,worker,686,686,686,686
786,Jan,Berriman,Jan.Berriman@yopmail.com,Jan.Berriman@gmail.com,developer,687,687,687,687
787,Donnie,Olin,Donnie.Olin@yopmail.com,Donnie.Olin@gmail.com,firefighter,688,688,688,688
788,Ursulina,Loleta,Ursulina.Loleta@yopmail.com,Ursulina.Loleta@gmail.com,developer,689,689,689,689
789,Marguerite,Burkle,Marguerite.Burkle@yopmail.com,Marguerite.Burkle@gmail.com,worker,690,690,690,690
790,Belva,Westphal,Belva.Westphal@yopmail.com,Belva.Westphal@gmail.com,doctor,691,691,691,691
791,Deloria,Kiyoshi,Deloria.Kiyoshi@yopmail.com,Deloria.Kiyoshi@gmail.com,doctor,692,692,692,692
792,Paola,Vilma,Paola.Vilma@yopmail.com,Paola.Vilma@gmail.com,developer,693,693,693,693
793,Roseline,Mandler,Roseline.Mandler@yopmail.com,Roseline.Mandler@gmail.com,developer,694,694,694,694
794,Shannah,Remmer,Shannah.Remmer@yopmail.com,Shannah.Remmer@gmail.com,developer,695,695,695,695
795,Rosaline,Esmaria,Rosaline.Esmaria@yopmail.com,Rosaline.Esmaria@gmail.com,police officer,696,696,696,696
796,Teriann,Chaing,Teriann.Chaing@yopmail.com,Teriann.Chaing@gmail.com,firefighter,697,697,697,697
797,Tracey,Sophronia,Tracey.Sophronia@yopmail.com,Tracey.Sophronia@gmail.com,worker,698,698,698,698
798,Ida,Hachmin,Ida.Hachmin@yopmail.com,Ida.Hachmin@gmail.com,doctor,699,699,699,699
799,Lynde,Faust,Lynde.Faust@yopmail.com,Lynde.Faust@gmail.com,doctor,700,700,700,700
800,Dominga,Mayeda,Dominga.Mayeda@yopmail.com,Dominga.Mayeda@gmail.com,doctor,701,701,701,701
801,Zaria,Tufts,Zaria.Tufts@yopmail.com,Zaria.Tufts@gmail.com,doctor,702,702,702,702
802,Henriette,Anderea,Henriette.Anderea@yopmail.com,Henriette.Anderea@gmail.com,developer,703,703,703,703
803,Hallie,Carey,Hallie.Carey@yopmail.com,Hallie.Carey@gmail.com,police officer,704,704,704,704
804,Vita,Rese,Vita.Rese@yopmail.com,Vita.Rese@gmail.com,firefighter,705,705,705,705
805,Lenna,Colbert,Lenna.Colbert@yopmail.com,Lenna.Colbert@gmail.com,doctor,706,706,706,706
806,Charmaine,Burch,Charmaine.Burch@yopmail.com,Charmaine.Burch@gmail.com,developer,707,707,707,707
807,Sam,Behre,Sam.Behre@yopmail.com,Sam.Behre@gmail.com,doctor,708,708,708,708
808,Genovera,Tippets,Genovera.Tippets@yopmail.com,Genovera.Tippets@gmail.com,developer,709,709,709,709
809,Rubie,Eachern,Rubie.Eachern@yopmail.com,Rubie.Eachern@gmail.com,firefighter,710,710,710,710
810,Vere,Rona,Vere.Rona@yopmail.com,Vere.Rona@gmail.com,worker,711,711,711,711
811,Britni,Tillford,Britni.Tillford@yopmail.com,Britni.Tillford@gmail.com,doctor,712,712,712,712
812,Doro,Seligman,Doro.Seligman@yopmail.com,Doro.Seligman@gmail.com,police officer,713,713,713,713
813,Cindelyn,Winthorpe,Cindelyn.Winthorpe@yopmail.com,Cindelyn.Winthorpe@gmail.com,worker,714,714,714,714
814,Marylou,Corilla,Marylou.Corilla@yopmail.com,Marylou.Corilla@gmail.com,firefighter,715,715,715,715
815,Kathi,Hanshaw,Kathi.Hanshaw@yopmail.com,Kathi.Hanshaw@gmail.com,developer,716,716,716,716
816,Cissiee,Genna,Cissiee.Genna@yopmail.com,Cissiee.Genna@gmail.com,developer,717,717,717,717
817,Bettine,Beebe,Bettine.Beebe@yopmail.com,Bettine.Beebe@gmail.com,doctor,718,718,718,718
818,Nollie,Mata,Nollie.Mata@yopmail.com,Nollie.Mata@gmail.com,worker,719,719,719,719
819,Madelle,Standing,Madelle.Standing@yopmail.com,Madelle.Standing@gmail.com,firefighter,720,720,720,720
820,Lorne,Brodench,Lorne.Brodench@yopmail.com,Lorne.Brodench@gmail.com,developer,721,721,721,721
821,Sean,Christal,Sean.Christal@yopmail.com,Sean.Christal@gmail.com,developer,722,722,722,722
822,Vevay,Yoko,Vevay.Yoko@yopmail.com,Vevay.Yoko@gmail.com,firefighter,723,723,723,723
823,Wynne,Vary,Wynne.Vary@yopmail.com,Wynne.Vary@gmail.com,firefighter,724,724,724,724
824,Amelia,Niles,Amelia.Niles@yopmail.com,Amelia.Niles@gmail.com,firefighter,725,725,725,725
825,Tani,Juan,Tani.Juan@yopmail.com,Tani.Juan@gmail.com,firefighter,726,726,726,726
826,Inga,Laurianne,Inga.Laurianne@yopmail.com,Inga.Laurianne@gmail.com,doctor,727,727,727,727
827,Riannon,Land,Riannon.Land@yopmail.com,Riannon.Land@gmail.com,firefighter,728,728,728,728
828,Fawne,Marijo,Fawne.Marijo@yopmail.com,Fawne.Marijo@gmail.com,police officer,729,729,729,729
829,Sandie,Francyne,Sandie.Francyne@yopmail.com,Sandie.Francyne@gmail.com,police officer,730,730,730,730
830,Mireielle,Germann,Mireielle.Germann@yopmail.com,Mireielle.Germann@gmail.com,firefighter,731,731,731,731
831,Leontine,Calhoun,Leontine.Calhoun@yopmail.com,Leontine.Calhoun@gmail.com,developer,732,732,732,732
832,Atlanta,Malanie,Atlanta.Malanie@yopmail.com,Atlanta.Malanie@gmail.com,worker,733,733,733,733
833,Charissa,Lay,Charissa.Lay@yopmail.com,Charissa.Lay@gmail.com,doctor,734,734,734,734
834,Gilligan,Posner,Gilligan.Posner@yopmail.com,Gilligan.Posner@gmail.com,firefighter,735,735,735,735
835,Lulita,Kendrick,Lulita.Kendrick@yopmail.com,Lulita.Kendrick@gmail.com,firefighter,736,736,736,736
836,Dulce,Toni,Dulce.Toni@yopmail.com,Dulce.Toni@gmail.com,firefighter,737,737,737,737
837,Joelly,Tound,Joelly.Tound@yopmail.com,Joelly.Tound@gmail.com,worker,738,738,738,738
838,Aryn,Noam,Aryn.Noam@yopmail.com,Aryn.Noam@gmail.com,worker,739,739,739,739
839,Cathie,Behre,Cathie.Behre@yopmail.com,Cathie.Behre@gmail.com,doctor,740,740,740,740
840,Camile,Annabella,Camile.Annabella@yopmail.com,Camile.Annabella@gmail.com,developer,741,741,741,741
841,Lucy,Wiener,Lucy.Wiener@yopmail.com,Lucy.Wiener@gmail.com,police officer,742,742,742,742
842,Flory,Anyah,Flory.Anyah@yopmail.com,Flory.Anyah@gmail.com,developer,743,743,743,743
843,Cherilyn,Huggins,Cherilyn.Huggins@yopmail.com,Cherilyn.Huggins@gmail.com,firefighter,744,744,744,744
844,Dianemarie,Sigfrid,Dianemarie.Sigfrid@yopmail.com,Dianemarie.Sigfrid@gmail.com,developer,745,745,745,745
845,Cristabel,Terrence,Cristabel.Terrence@yopmail.com,Cristabel.Terrence@gmail.com,doctor,746,746,746,746
846,Daune,Hessler,Daune.Hessler@yopmail.com,Daune.Hessler@gmail.com,worker,747,747,747,747
847,Ninnetta,Euridice,Ninnetta.Euridice@yopmail.com,Ninnetta.Euridice@gmail.com,doctor,748,748,748,748
848,Dyann,Granoff,Dyann.Granoff@yopmail.com,Dyann.Granoff@gmail.com,doctor,749,749,749,749
849,Kenna,Henebry,Kenna.Henebry@yopmail.com,Kenna.Henebry@gmail.com,worker,750,750,750,750
850,Cathyleen,Vernier,Cathyleen.Vernier@yopmail.com,Cathyleen.Vernier@gmail.com,developer,751,751,751,751
851,Winny,Sholley,Winny.Sholley@yopmail.com,Winny.Sholley@gmail.com,developer,752,752,752,752
852,Paule,Karna,Paule.Karna@yopmail.com,Paule.Karna@gmail.com,firefighter,753,753,753,753
853,Berget,Gower,Berget.Gower@yopmail.com,Berget.Gower@gmail.com,firefighter,754,754,754,754
854,Lila,Kosey,Lila.Kosey@yopmail.com,Lila.Kosey@gmail.com,worker,755,755,755,755
855,Stacey,Waldron,Stacey.Waldron@yopmail.com,Stacey.Waldron@gmail.com,firefighter,756,756,756,756
856,Felice,Pulsifer,Felice.Pulsifer@yopmail.com,Felice.Pulsifer@gmail.com,doctor,757,757,757,757
857,Joy,Rurik,Joy.Rurik@yopmail.com,Joy.Rurik@gmail.com,firefighter,758,758,758,758
858,Lenna,Keily,Lenna.Keily@yopmail.com,Lenna.Keily@gmail.com,worker,759,759,759,759
859,Gavrielle,Palocz,Gavrielle.Palocz@yopmail.com,Gavrielle.Palocz@gmail.com,worker,760,760,760,760
860,Desirae,Yusuk,Desirae.Yusuk@yopmail.com,Desirae.Yusuk@gmail.com,developer,761,761,761,761
861,Josephine,Sasnett,Josephine.Sasnett@yopmail.com,Josephine.Sasnett@gmail.com,worker,762,762,762,762
862,Joelly,Tyson,Joelly.Tyson@yopmail.com,Joelly.Tyson@gmail.com,doctor,763,763,763,763
863,Darci,Corilla,Darci.Corilla@yopmail.com,Darci.Corilla@gmail.com,firefighter,764,764,764,764
864,Pearline,Tiffa,Pearline.Tiffa@yopmail.com,Pearline.Tiffa@gmail.com,firefighter,765,765,765,765
865,Catharine,Goldina,Catharine.Goldina@yopmail.com,Catharine.Goldina@gmail.com,police officer,766,766,766,766
866,Pamella,Arathorn,Pamella.Arathorn@yopmail.com,Pamella.Arathorn@gmail.com,firefighter,767,767,767,767
867,Shaine,Deegan,Shaine.Deegan@yopmail.com,Shaine.Deegan@gmail.com,police officer,768,768,768,768
868,Rosanne,Standing,Rosanne.Standing@yopmail.com,Rosanne.Standing@gmail.com,developer,769,769,769,769
869,Glenda,Sancho,Glenda.Sancho@yopmail.com,Glenda.Sancho@gmail.com,police officer,770,770,770,770
870,Beth,Maurine,Beth.Maurine@yopmail.com,Beth.Maurine@gmail.com,developer,771,771,771,771
871,Shaine,Noelyn,Shaine.Noelyn@yopmail.com,Shaine.Noelyn@gmail.com,police officer,772,772,772,772
872,Carmencita,Nance,Carmencita.Nance@yopmail.com,Carmencita.Nance@gmail.com,worker,773,773,773,773
873,Shandie,Craggie,Shandie.Craggie@yopmail.com,Shandie.Craggie@gmail.com,doctor,774,774,774,774
874,Mariele,Penelopa,Mariele.Penelopa@yopmail.com,Mariele.Penelopa@gmail.com,doctor,775,775,775,775
875,Atlanta,Fontana,Atlanta.Fontana@yopmail.com,Atlanta.Fontana@gmail.com,developer,776,776,776,776
876,Gianina,Gino,Gianina.Gino@yopmail.com,Gianina.Gino@gmail.com,police officer,777,777,777,777
877,Averyl,Belanger,Averyl.Belanger@yopmail.com,Averyl.Belanger@gmail.com,doctor,778,778,778,778
878,Fayre,Palocz,Fayre.Palocz@yopmail.com,Fayre.Palocz@gmail.com,worker,779,779,779,779
879,Linzy,Heidt,Linzy.Heidt@yopmail.com,Linzy.Heidt@gmail.com,worker,780,780,780,780
880,Alejandra,Naor,Alejandra.Naor@yopmail.com,Alejandra.Naor@gmail.com,doctor,781,781,781,781
881,Raf,Evvie,Raf.Evvie@yopmail.com,Raf.Evvie@gmail.com,police officer,782,782,782,782
882,Tressa,Artie,Tressa.Artie@yopmail.com,Tressa.Artie@gmail.com,firefighter,783,783,783,783
883,Leanna,Gaynor,Leanna.Gaynor@yopmail.com,Leanna.Gaynor@gmail.com,worker,784,784,784,784
884,Beatriz,Allys,Beatriz.Allys@yopmail.com,Beatriz.Allys@gmail.com,firefighter,785,785,785,785
885,Cissiee,Sekofski,Cissiee.Sekofski@yopmail.com,Cissiee.Sekofski@gmail.com,doctor,786,786,786,786
886,Lory,Papageno,Lory.Papageno@yopmail.com,Lory.Papageno@gmail.com,developer,787,787,787,787
887,Joelly,Nickola,Joelly.Nickola@yopmail.com,Joelly.Nickola@gmail.com,firefighter,788,788,788,788
888,Helena,Codding,Helena.Codding@yopmail.com,Helena.Codding@gmail.com,doctor,789,789,789,789
889,Nadine,Koehler,Nadine.Koehler@yopmail.com,Nadine.Koehler@gmail.com,doctor,790,790,790,790
890,Lynnea,Colleen,Lynnea.Colleen@yopmail.com,Lynnea.Colleen@gmail.com,firefighter,791,791,791,791
891,Ninnetta,Swanhildas,Ninnetta.Swanhildas@yopmail.com,Ninnetta.Swanhildas@gmail.com,police officer,792,792,792,792
892,Lacie,Othilia,Lacie.Othilia@yopmail.com,Lacie.Othilia@gmail.com,doctor,793,793,793,793
893,Ardys,Sidonius,Ardys.Sidonius@yopmail.com,Ardys.Sidonius@gmail.com,developer,794,794,794,794
894,Shaine,Mike,Shaine.Mike@yopmail.com,Shaine.Mike@gmail.com,firefighter,795,795,795,795
895,Madeleine,Suanne,Madeleine.Suanne@yopmail.com,Madeleine.Suanne@gmail.com,doctor,796,796,796,796
896,Cassandra,Remmer,Cassandra.Remmer@yopmail.com,Cassandra.Remmer@gmail.com,firefighter,797,797,797,797
897,Cecile,Tufts,Cecile.Tufts@yopmail.com,Cecile.Tufts@gmail.com,police officer,798,798,798,798
898,Liana,Ahab,Liana.Ahab@yopmail.com,Liana.Ahab@gmail.com,doctor,799,799,799,799
899,Anica,Raffo,Anica.Raffo@yopmail.com,Anica.Raffo@gmail.com,worker,800,800,800,800
900,Nariko,Alabaster,Nariko.Alabaster@yopmail.com,Nariko.Alabaster@gmail.com,police officer,801,801,801,801
901,Allyce,Sherfield,Allyce.Sherfield@yopmail.com,Allyce.Sherfield@gmail.com,police officer,802,802,802,802
902,Queenie,Jacobah,Queenie.Jacobah@yopmail.com,Queenie.Jacobah@gmail.com,firefighter,803,803,803,803
903,Barbara,Behre,Barbara.Behre@yopmail.com,Barbara.Behre@gmail.com,police officer,804,804,804,804
904,Corry,Cloris,Corry.Cloris@yopmail.com,Corry.Cloris@gmail.com,worker,805,805,805,805
905,Dari,Claudine,Dari.Claudine@yopmail.com,Dari.Claudine@gmail.com,firefighter,806,806,806,806
906,Layla,Holtz,Layla.Holtz@yopmail.com,Layla.Holtz@gmail.com,developer,807,807,807,807
907,Janey,Roscoe,Janey.Roscoe@yopmail.com,Janey.Roscoe@gmail.com,doctor,808,808,808,808
908,Lita,Lindemann,Lita.Lindemann@yopmail.com,Lita.Lindemann@gmail.com,developer,809,809,809,809
909,Gloria,McAdams,Gloria.McAdams@yopmail.com,Gloria.McAdams@gmail.com,police officer,810,810,810,810
910,Jessy,Eckblad,Jessy.Eckblad@yopmail.com,Jessy.Eckblad@gmail.com,doctor,811,811,811,811
911,Jaclyn,Graig,Jaclyn.Graig@yopmail.com,Jaclyn.Graig@gmail.com,doctor,812,812,812,812
912,Deedee,Rheingold,Deedee.Rheingold@yopmail.com,Deedee.Rheingold@gmail.com,police officer,813,813,813,813
913,Tani,Imelida,Tani.Imelida@yopmail.com,Tani.Imelida@gmail.com,doctor,814,814,814,814
914,Melanie,Obed,Melanie.Obed@yopmail.com,Melanie.Obed@gmail.com,doctor,815,815,815,815
915,Keelia,Jethro,Keelia.Jethro@yopmail.com,Keelia.Jethro@gmail.com,firefighter,816,816,816,816
916,Ayn,Barney,Ayn.Barney@yopmail.com,Ayn.Barney@gmail.com,police officer,817,817,817,817
917,Gerrie,Zina,Gerrie.Zina@yopmail.com,Gerrie.Zina@gmail.com,worker,818,818,818,818
918,Cherilyn,Brady,Cherilyn.Brady@yopmail.com,Cherilyn.Brady@gmail.com,firefighter,819,819,819,819
919,Constance,Reidar,Constance.Reidar@yopmail.com,Constance.Reidar@gmail.com,police officer,820,820,820,820
920,Brandise,Vernier,Brandise.Vernier@yopmail.com,Brandise.Vernier@gmail.com,worker,821,821,821,821
921,Candy,Peonir,Candy.Peonir@yopmail.com,Candy.Peonir@gmail.com,police officer,822,822,822,822
922,Rosabelle,Jagir,Rosabelle.Jagir@yopmail.com,Rosabelle.Jagir@gmail.com,doctor,823,823,823,823
923,Melanie,Cordi,Melanie.Cordi@yopmail.com,Melanie.Cordi@gmail.com,firefighter,824,824,824,824
924,Phedra,Leifeste,Phedra.Leifeste@yopmail.com,Phedra.Leifeste@gmail.com,police officer,825,825,825,825
925,Blondelle,Vanni,Blondelle.Vanni@yopmail.com,Blondelle.Vanni@gmail.com,worker,826,826,826,826
926,Leeanne,Abbot,Leeanne.Abbot@yopmail.com,Leeanne.Abbot@gmail.com,doctor,827,827,827,827
927,Gisela,Mitzi,Gisela.Mitzi@yopmail.com,Gisela.Mitzi@gmail.com,firefighter,828,828,828,828
928,Flory,Pauly,Flory.Pauly@yopmail.com,Flory.Pauly@gmail.com,firefighter,829,829,829,829
929,Bertine,Salvidor,Bertine.Salvidor@yopmail.com,Bertine.Salvidor@gmail.com,doctor,830,830,830,830
930,Sybille,Diann,Sybille.Diann@yopmail.com,Sybille.Diann@gmail.com,firefighter,831,831,831,831
931,Wanda,Darrell,Wanda.Darrell@yopmail.com,Wanda.Darrell@gmail.com,doctor,832,832,832,832
932,Sallie,Penelopa,Sallie.Penelopa@yopmail.com,Sallie.Penelopa@gmail.com,doctor,833,833,833,833
933,Alyssa,Faso,Alyssa.Faso@yopmail.com,Alyssa.Faso@gmail.com,doctor,834,834,834,834
934,Donetta,Ilka,Donetta.Ilka@yopmail.com,Donetta.Ilka@gmail.com,worker,835,835,835,835
935,Jessy,Parette,Jessy.Parette@yopmail.com,Jessy.Parette@gmail.com,firefighter,836,836,836,836
936,Joceline,Shuler,Joceline.Shuler@yopmail.com,Joceline.Shuler@gmail.com,police officer,837,837,837,837
937,Cyb,Garrison,Cyb.Garrison@yopmail.com,Cyb.Garrison@gmail.com,developer,838,838,838,838
938,Donetta,Wolfgram,Donetta.Wolfgram@yopmail.com,Donetta.Wolfgram@gmail.com,developer,839,839,839,839
939,Lexine,Kress,Lexine.Kress@yopmail.com,Lexine.Kress@gmail.com,developer,840,840,840,840
940,Willetta,Kamaria,Willetta.Kamaria@yopmail.com,Willetta.Kamaria@gmail.com,worker,841,841,841,841
941,Hope,Rosemary,Hope.Rosemary@yopmail.com,Hope.Rosemary@gmail.com,worker,842,842,842,842
942,Alexine,Talia,Alexine.Talia@yopmail.com,Alexine.Talia@gmail.com,developer,843,843,843,843
943,Sue,Gillan,Sue.Gillan@yopmail.com,Sue.Gillan@gmail.com,developer,844,844,844,844
944,Mary,Huggins,Mary.Huggins@yopmail.com,Mary.Huggins@gmail.com,developer,845,845,845,845
945,Althea,Thema,Althea.Thema@yopmail.com,Althea.Thema@gmail.com,worker,846,846,846,846
946,Nananne,Rudolph,Nananne.Rudolph@yopmail.com,Nananne.Rudolph@gmail.com,firefighter,847,847,847,847
947,Antonietta,Andrel,Antonietta.Andrel@yopmail.com,Antonietta.Andrel@gmail.com,developer,848,848,848,848
948,Shell,Marijo,Shell.Marijo@yopmail.com,Shell.Marijo@gmail.com,developer,849,849,849,849
949,Lolita,Suk,Lolita.Suk@yopmail.com,Lolita.Suk@gmail.com,firefighter,850,850,850,850
950,Raina,Euridice,Raina.Euridice@yopmail.com,Raina.Euridice@gmail.com,worker,851,851,851,851
951,Latisha,Bettine,Latisha.Bettine@yopmail.com,Latisha.Bettine@gmail.com,developer,852,852,852,852
952,Jany,Tice,Jany.Tice@yopmail.com,Jany.Tice@gmail.com,developer,853,853,853,853
953,Tersina,Ajay,Tersina.Ajay@yopmail.com,Tersina.Ajay@gmail.com,developer,854,854,854,854
954,Cordi,Hourigan,Cordi.Hourigan@yopmail.com,Cordi.Hourigan@gmail.com,developer,855,855,855,855
955,Roslyn,Brieta,Roslyn.Brieta@yopmail.com,Roslyn.Brieta@gmail.com,firefighter,856,856,856,856
956,Ursulina,Pettiford,Ursulina.Pettiford@yopmail.com,Ursulina.Pettiford@gmail.com,worker,857,857,857,857
957,Gilligan,Presber,Gilligan.Presber@yopmail.com,Gilligan.Presber@gmail.com,worker,858,858,858,858
958,Kathy,Orlene,Kathy.Orlene@yopmail.com,Kathy.Orlene@gmail.com,worker,859,859,859,859
959,Pierette,Delacourt,Pierette.Delacourt@yopmail.com,Pierette.Delacourt@gmail.com,police officer,860,860,860,860
960,Vinita,Parette,Vinita.Parette@yopmail.com,Vinita.Parette@gmail.com,doctor,861,861,861,861
961,Elka,Bultman,Elka.Bultman@yopmail.com,Elka.Bultman@gmail.com,worker,862,862,862,862
962,Zaria,Kenwood,Zaria.Kenwood@yopmail.com,Zaria.Kenwood@gmail.com,firefighter,863,863,863,863
963,Myrtice,Dudley,Myrtice.Dudley@yopmail.com,Myrtice.Dudley@gmail.com,police officer,864,864,864,864
964,Sam,Kirstin,Sam.Kirstin@yopmail.com,Sam.Kirstin@gmail.com,firefighter,865,865,865,865
965,Keelia,Christal,Keelia.Christal@yopmail.com,Keelia.Christal@gmail.com,developer,866,866,866,866
966,Britni,Dermott,Britni.Dermott@yopmail.com,Britni.Dermott@gmail.com,doctor,867,867,867,867
967,Atlanta,Lamoree,Atlanta.Lamoree@yopmail.com,Atlanta.Lamoree@gmail.com,worker,868,868,868,868
968,Rani,Silvan,Rani.Silvan@yopmail.com,Rani.Silvan@gmail.com,firefighter,869,869,869,869
969,Moyna,Ivens,Moyna.Ivens@yopmail.com,Moyna.Ivens@gmail.com,doctor,870,870,870,870
970,Britte,Morrill,Britte.Morrill@yopmail.com,Britte.Morrill@gmail.com,worker,871,871,871,871
971,Leia,Bahr,Leia.Bahr@yopmail.com,Leia.Bahr@gmail.com,worker,872,872,872,872
972,Madelle,Gower,Madelle.Gower@yopmail.com,Madelle.Gower@gmail.com,worker,873,873,873,873
973,Cathie,Prouty,Cathie.Prouty@yopmail.com,Cathie.Prouty@gmail.com,developer,874,874,874,874
974,Eadie,Soneson,Eadie.Soneson@yopmail.com,Eadie.Soneson@gmail.com,doctor,875,875,875,875
975,Kial,Merat,Kial.Merat@yopmail.com,Kial.Merat@gmail.com,firefighter,876,876,876,876
976,Aurelie,Rebecka,Aurelie.Rebecka@yopmail.com,Aurelie.Rebecka@gmail.com,firefighter,877,877,877,877
977,Marcelline,Amadas,Marcelline.Amadas@yopmail.com,Marcelline.Amadas@gmail.com,worker,878,878,878,878
978,Konstance,Alexandr,Konstance.Alexandr@yopmail.com,Konstance.Alexandr@gmail.com,developer,879,879,879,879
979,Ana,Bonucci,Ana.Bonucci@yopmail.com,Ana.Bonucci@gmail.com,firefighter,880,880,880,880
980,Orsola,Vorster,Orsola.Vorster@yopmail.com,Orsola.Vorster@gmail.com,firefighter,881,881,881,881
981,Sybille,Rebecka,Sybille.Rebecka@yopmail.com,Sybille.Rebecka@gmail.com,police officer,882,882,882,882
982,Phedra,Kauppi,Phedra.Kauppi@yopmail.com,Phedra.Kauppi@gmail.com,firefighter,883,883,883,883
983,Sindee,Wu,Sindee.Wu@yopmail.com,Sindee.Wu@gmail.com,developer,884,884,884,884
984,Augustine,Nadia,Augustine.Nadia@yopmail.com,Augustine.Nadia@gmail.com,doctor,885,885,885,885
985,Lenna,Jefferey,Lenna.Jefferey@yopmail.com,Lenna.Jefferey@gmail.com,police officer,886,886,886,886
986,Gabi,Toffic,Gabi.Toffic@yopmail.com,Gabi.Toffic@gmail.com,police officer,887,887,887,887
987,Joeann,Pulsifer,Joeann.Pulsifer@yopmail.com,Joeann.Pulsifer@gmail.com,developer,888,888,888,888
988,Hannis,Lattie,Hannis.Lattie@yopmail.com,Hannis.Lattie@gmail.com,developer,889,889,889,889
989,Bertine,Loleta,Bertine.Loleta@yopmail.com,Bertine.Loleta@gmail.com,worker,890,890,890,890
990,Ardenia,Howlyn,Ardenia.Howlyn@yopmail.com,Ardenia.Howlyn@gmail.com,developer,891,891,891,891
991,Tatiania,Rozanna,Tatiania.Rozanna@yopmail.com,Tatiania.Rozanna@gmail.com,developer,892,892,892,892
992,Benita,Daveta,Benita.Daveta@yopmail.com,Benita.Daveta@gmail.com,doctor,893,893,893,893
993,Donetta,Anestassia,Donetta.Anestassia@yopmail.com,Donetta.Anestassia@gmail.com,doctor,894,894,894,894
994,Tiffie,Birdella,Tiffie.Birdella@yopmail.com,Tiffie.Birdella@gmail.com,doctor,895,895,895,895
995,Farrah,Hubert,Farrah.Hubert@yopmail.com,Farrah.Hubert@gmail.com,firefighter,896,896,896,896
996,Hayley,Christal,Hayley.Christal@yopmail.com,Hayley.Christal@gmail.com,worker,897,897,897,897
997,Felice,Judye,Felice.Judye@yopmail.com,Felice.Judye@gmail.com,doctor,898,898,898,898
998,Chrystel,Auberbach,Chrystel.Auberbach@yopmail.com,Chrystel.Auberbach@gmail.com,firefighter,899,899,899,899
999,Jacenta,Quinn,Jacenta.Quinn@yopmail.com,Jacenta.Quinn@gmail.com,developer,900,900,900,900
1000,Dominga,Oneida,Dominga.Oneida@yopmail.com,Dominga.Oneida@gmail.com,worker,901,901,901,901
1001,Vinita,Marcellus,Vinita.Marcellus@yopmail.com,Vinita.Marcellus@gmail.com,police officer,902,902,902,902
1002,Aaren,Avi,Aaren.Avi@yopmail.com,Aaren.Avi@gmail.com,doctor,903,903,903,903
1003,Dianemarie,Gino,Dianemarie.Gino@yopmail.com,Dianemarie.Gino@gmail.com,developer,904,904,904,904
1004,Alia,Erminia,Alia.Erminia@yopmail.com,Alia.Erminia@gmail.com,developer,905,905,905,905
1005,Adore,Gregrory,Adore.Gregrory@yopmail.com,Adore.Gregrory@gmail.com,police officer,906,906,906,906
1006,Carmela,Teddman,Carmela.Teddman@yopmail.com,Carmela.Teddman@gmail.com,worker,907,907,907,907
1007,Kellen,Selway,Kellen.Selway@yopmail.com,Kellen.Selway@gmail.com,firefighter,908,908,908,908
1008,Claudina,Iiette,Claudina.Iiette@yopmail.com,Claudina.Iiette@gmail.com,developer,909,909,909,909
1009,Joeann,Gregrory,Joeann.Gregrory@yopmail.com,Joeann.Gregrory@gmail.com,firefighter,910,910,910,910
1010,Bettine,Pernick,Bettine.Pernick@yopmail.com,Bettine.Pernick@gmail.com,worker,911,911,911,911
1011,Dominga,Shaver,Dominga.Shaver@yopmail.com,Dominga.Shaver@gmail.com,doctor,912,912,912,912
1012,Teddie,Frodi,Teddie.Frodi@yopmail.com,Teddie.Frodi@gmail.com,firefighter,913,913,913,913
1013,Merry,Ciapas,Merry.Ciapas@yopmail.com,Merry.Ciapas@gmail.com,police officer,914,914,914,914
1014,Georgina,Bartlett,Georgina.Bartlett@yopmail.com,Georgina.Bartlett@gmail.com,firefighter,915,915,915,915
1015,Dyann,Leifeste,Dyann.Leifeste@yopmail.com,Dyann.Leifeste@gmail.com,police officer,916,916,916,916
1016,Lulita,Thema,Lulita.Thema@yopmail.com,Lulita.Thema@gmail.com,police officer,917,917,917,917
1017,Ulrike,Madox,Ulrike.Madox@yopmail.com,Ulrike.Madox@gmail.com,developer,918,918,918,918
1018,Viviene,Berl,Viviene.Berl@yopmail.com,Viviene.Berl@gmail.com,developer,919,919,919,919
1019,Mariann,Bivins,Mariann.Bivins@yopmail.com,Mariann.Bivins@gmail.com,worker,920,920,920,920
1020,Jeanna,Dudley,Jeanna.Dudley@yopmail.com,Jeanna.Dudley@gmail.com,police officer,921,921,921,921
1021,Calla,Amethist,Calla.Amethist@yopmail.com,Calla.Amethist@gmail.com,worker,922,922,922,922
1022,Tersina,Roxanna,Tersina.Roxanna@yopmail.com,Tersina.Roxanna@gmail.com,doctor,923,923,923,923
1023,Jean,Niles,Jean.Niles@yopmail.com,Jean.Niles@gmail.com,police officer,924,924,924,924
1024,Kary,Campball,Kary.Campball@yopmail.com,Kary.Campball@gmail.com,doctor,925,925,925,925
1025,Jenda,Maribeth,Jenda.Maribeth@yopmail.com,Jenda.Maribeth@gmail.com,doctor,926,926,926,926
1026,Elena,Kolnick,Elena.Kolnick@yopmail.com,Elena.Kolnick@gmail.com,police officer,927,927,927,927
1027,Marti,Abernon,Marti.Abernon@yopmail.com,Marti.Abernon@gmail.com,police officer,928,928,928,928
1028,Gratia,Pelagias,Gratia.Pelagias@yopmail.com,Gratia.Pelagias@gmail.com,worker,929,929,929,929
1029,Sherrie,Percy,Sherrie.Percy@yopmail.com,Sherrie.Percy@gmail.com,firefighter,930,930,930,930
1030,Riannon,Rocray,Riannon.Rocray@yopmail.com,Riannon.Rocray@gmail.com,worker,931,931,931,931
1031,Marika,Emmaline,Marika.Emmaline@yopmail.com,Marika.Emmaline@gmail.com,worker,932,932,932,932
1032,Atlanta,Raul,Atlanta.Raul@yopmail.com,Atlanta.Raul@gmail.com,police officer,933,933,933,933
1033,Thalia,Allare,Thalia.Allare@yopmail.com,Thalia.Allare@gmail.com,doctor,934,934,934,934
1034,Ricky,Milson,Ricky.Milson@yopmail.com,Ricky.Milson@gmail.com,firefighter,935,935,935,935
1035,Agathe,Warthman,Agathe.Warthman@yopmail.com,Agathe.Warthman@gmail.com,developer,936,936,936,936
1036,Starla,Viddah,Starla.Viddah@yopmail.com,Starla.Viddah@gmail.com,firefighter,937,937,937,937
1037,Agnese,Tatianas,Agnese.Tatianas@yopmail.com,Agnese.Tatianas@gmail.com,developer,938,938,938,938
1038,Rosene,Reneta,Rosene.Reneta@yopmail.com,Rosene.Reneta@gmail.com,firefighter,939,939,939,939
1039,Nicoli,Nea,Nicoli.Nea@yopmail.com,Nicoli.Nea@gmail.com,police officer,940,940,940,940
1040,Winny,Rheingold,Winny.Rheingold@yopmail.com,Winny.Rheingold@gmail.com,police officer,941,941,941,941
1041,Gusty,Tannie,Gusty.Tannie@yopmail.com,Gusty.Tannie@gmail.com,doctor,942,942,942,942
1042,Karena,Tannie,Karena.Tannie@yopmail.com,Karena.Tannie@gmail.com,firefighter,943,943,943,943
1043,Christy,Korey,Christy.Korey@yopmail.com,Christy.Korey@gmail.com,doctor,944,944,944,944
1044,Gretal,Faust,Gretal.Faust@yopmail.com,Gretal.Faust@gmail.com,firefighter,945,945,945,945
1045,Eolanda,Peonir,Eolanda.Peonir@yopmail.com,Eolanda.Peonir@gmail.com,police officer,946,946,946,946
1046,Aurore,Pierette,Aurore.Pierette@yopmail.com,Aurore.Pierette@gmail.com,doctor,947,947,947,947
1047,Ernesta,Howlyn,Ernesta.Howlyn@yopmail.com,Ernesta.Howlyn@gmail.com,firefighter,948,948,948,948
1048,Brana,Klotz,Brana.Klotz@yopmail.com,Brana.Klotz@gmail.com,worker,949,949,949,949
1049,Jolyn,Hutchison,Jolyn.Hutchison@yopmail.com,Jolyn.Hutchison@gmail.com,developer,950,950,950,950
1050,Karina,Deegan,Karina.Deegan@yopmail.com,Karina.Deegan@gmail.com,worker,951,951,951,951
1051,Alexine,Tjon,Alexine.Tjon@yopmail.com,Alexine.Tjon@gmail.com,worker,952,952,952,952
1052,Mamie,Jorgan,Mamie.Jorgan@yopmail.com,Mamie.Jorgan@gmail.com,worker,953,953,953,953
1053,Tani,Eiser,Tani.Eiser@yopmail.com,Tani.Eiser@gmail.com,police officer,954,954,954,954
1054,Lita,Bohlin,Lita.Bohlin@yopmail.com,Lita.Bohlin@gmail.com,doctor,955,955,955,955
1055,Thalia,Hirsch,Thalia.Hirsch@yopmail.com,Thalia.Hirsch@gmail.com,police officer,956,956,956,956
1056,Aubrie,Yate,Aubrie.Yate@yopmail.com,Aubrie.Yate@gmail.com,doctor,957,957,957,957
1057,Florencia,Auberbach,Florencia.Auberbach@yopmail.com,Florencia.Auberbach@gmail.com,doctor,958,958,958,958
1058,Ninnetta,Loeb,Ninnetta.Loeb@yopmail.com,Ninnetta.Loeb@gmail.com,developer,959,959,959,959
1059,Bernardine,Clarissa,Bernardine.Clarissa@yopmail.com,Bernardine.Clarissa@gmail.com,worker,960,960,960,960
1060,Cristine,Eldrid,Cristine.Eldrid@yopmail.com,Cristine.Eldrid@gmail.com,police officer,961,961,961,961
1061,Nerta,Lutero,Nerta.Lutero@yopmail.com,Nerta.Lutero@gmail.com,firefighter,962,962,962,962
1062,Caritta,Gregrory,Caritta.Gregrory@yopmail.com,Caritta.Gregrory@gmail.com,developer,963,963,963,963
1063,Sara-Ann,Melleta,Sara-Ann.Melleta@yopmail.com,Sara-Ann.Melleta@gmail.com,doctor,964,964,964,964
1064,Jasmina,Minetta,Jasmina.Minetta@yopmail.com,Jasmina.Minetta@gmail.com,developer,965,965,965,965
1065,Luci,Ciapas,Luci.Ciapas@yopmail.com,Luci.Ciapas@gmail.com,developer,966,966,966,966
1066,Chrystel,Woodberry,Chrystel.Woodberry@yopmail.com,Chrystel.Woodberry@gmail.com,police officer,967,967,967,967
1067,Clo,Seligman,Clo.Seligman@yopmail.com,Clo.Seligman@gmail.com,developer,968,968,968,968
1068,Nikki,Iaverne,Nikki.Iaverne@yopmail.com,Nikki.Iaverne@gmail.com,worker,969,969,969,969
1069,Dotty,Bach,Dotty.Bach@yopmail.com,Dotty.Bach@gmail.com,firefighter,970,970,970,970
1070,Patricia,Melleta,Patricia.Melleta@yopmail.com,Patricia.Melleta@gmail.com,developer,971,971,971,971
1071,Carree,Silvan,Carree.Silvan@yopmail.com,Carree.Silvan@gmail.com,worker,972,972,972,972
1072,Dennie,Wooster,Dennie.Wooster@yopmail.com,Dennie.Wooster@gmail.com,doctor,973,973,973,973
1073,Rozele,Hylan,Rozele.Hylan@yopmail.com,Rozele.Hylan@gmail.com,firefighter,974,974,974,974
1074,Starla,Blase,Starla.Blase@yopmail.com,Starla.Blase@gmail.com,worker,975,975,975,975
1075,Kaia,Kussell,Kaia.Kussell@yopmail.com,Kaia.Kussell@gmail.com,worker,976,976,976,976
1076,Selia,Corrine,Selia.Corrine@yopmail.com,Selia.Corrine@gmail.com,worker,977,977,977,977
1077,Lory,Therine,Lory.Therine@yopmail.com,Lory.Therine@gmail.com,police officer,978,978,978,978
1078,Petronia,Elephus,Petronia.Elephus@yopmail.com,Petronia.Elephus@gmail.com,firefighter,979,979,979,979
1079,Bernie,Shelba,Bernie.Shelba@yopmail.com,Bernie.Shelba@gmail.com,developer,980,980,980,980
1080,Fredericka,Eckblad,Fredericka.Eckblad@yopmail.com,Fredericka.Eckblad@gmail.com,doctor,981,981,981,981
1081,Meriel,Hepsibah,Meriel.Hepsibah@yopmail.com,Meriel.Hepsibah@gmail.com,firefighter,982,982,982,982
1082,Sam,Judye,Sam.Judye@yopmail.com,Sam.Judye@gmail.com,firefighter,983,983,983,983
1083,Jerry,Azeria,Jerry.Azeria@yopmail.com,Jerry.Azeria@gmail.com,worker,984,984,984,984
1084,Pierette,Marlie,Pierette.Marlie@yopmail.com,Pierette.Marlie@gmail.com,developer,985,985,985,985
1085,Suzette,Edmund,Suzette.Edmund@yopmail.com,Suzette.Edmund@gmail.com,police officer,986,986,986,986
1086,Calla,Colleen,Calla.Colleen@yopmail.com,Calla.Colleen@gmail.com,developer,987,987,987,987
1087,Bernardine,Jaylene,Bernardine.Jaylene@yopmail.com,Bernardine.Jaylene@gmail.com,police officer,988,988,988,988
1088,Dawn,Randene,Dawn.Randene@yopmail.com,Dawn.Randene@gmail.com,police officer,989,989,989,989
1089,Yetty,Klotz,Yetty.Klotz@yopmail.com,Yetty.Klotz@gmail.com,developer,990,990,990,990
1090,Georgetta,Afton,Georgetta.Afton@yopmail.com,Georgetta.Afton@gmail.com,developer,991,991,991,991
1091,Norine,Maribeth,Norine.Maribeth@yopmail.com,Norine.Maribeth@gmail.com,doctor,992,992,992,992
1092,Kalina,Wilona,Kalina.Wilona@yopmail.com,Kalina.Wilona@gmail.com,police officer,993,993,993,993
1093,Elie,Shaver,Elie.Shaver@yopmail.com,Elie.Shaver@gmail.com,doctor,994,994,994,994
1094,Konstance,Oscar,Konstance.Oscar@yopmail.com,Konstance.Oscar@gmail.com,doctor,995,995,995,995
1095,Mariann,Ruvolo,Mariann.Ruvolo@yopmail.com,Mariann.Ruvolo@gmail.com,police officer,996,996,996,996
1096,Marnia,Wolfgram,Marnia.Wolfgram@yopmail.com,Marnia.Wolfgram@gmail.com,police officer,997,997,997,997
1097,Alameda,Llovera,Alameda.Llovera@yopmail.com,Alameda.Llovera@gmail.com,police officer,998,998,998,998
1098,Joleen,Cullin,Joleen.Cullin@yopmail.com,Joleen.Cullin@gmail.com,doctor,999,999,999,999
1099,Ayn,Niccolo,Ayn.Niccolo@yopmail.com,Ayn.Niccolo@gmail.com,firefighter,1000,1000,1000,1000